Country Name,Country Code,Indicator Name,Indicator Code,1960,1961,1962,1963,1964,1965,1966,1967,1968,1969,1970,1971,1972,1973,1974,1975,1976,1977,1978,1979,1980,1981,1982,1983,1984,1985,1986,1987,1988,1989,1990,1991,1992,1993,1994,1995,1996,1997,1998,1999,2000,2001,2002,2003,2004,2005,2006,2007,2008,2009,2010,2011,2012,2013,2014,2015,2016,2017,2018,2019,2020,2021,2022
Aruba,ABW,Women Business and the Law Index Score (scale 1-100),SG.LAW.INDX,,,,,,,,,,,,,,,,,,,,,,,,,,,,,,,,,,,,,,,,,,,,,,,,,,,,,,,,,,,,,,,
Africa Eastern and Southern,AFE,Women Business and the Law Index Score (scale 1-100),SG.LAW.INDX,,,,,,,,,,,,,,,,,,,,,,,,,,,,,,,,,,,,,,,,,,,,,,,,,,,,,,,,,,,,,,,
Afghanistan,AFG,Women Business and the Law Index Score (scale 1-100),SG.LAW.INDX,,,,,,,,,,,26.25,26.25,26.25,26.25,26.25,26.25,26.25,26.25,26.25,26.25,26.25,26.25,26.25,26.25,26.25,26.25,26.25,26.25,25.625,25.625,25.625,25.625,25.625,25.625,25.625,25.625,25.625,25.625,25.625,26.25,26.25,26.25,26.25,26.25,26.25,26.25,26.25,28.75,28.75,28.75,28.75,28.75,28.75,28.75,28.75,28.75,38.125,38.125,38.125,38.125,38.125,38.125,31.875
Africa Western and Central,AFW,Women Business and the Law Index Score (scale 1-100),SG.LAW.INDX,,,,,,,,,,,,,,,,,,,,,,,,,,,,,,,,,,,,,,,,,,,,,,,,,,,,,,,,,,,,,,,
Angola,AGO,Women Business and the Law Index Score (scale 1-100),SG.LAW.INDX,,,,,,,,,,,30.625,30.625,30.625,30.625,30.625,30.625,30.625,30.625,30.625,30.625,30.625,30.625,33.125,33.125,33.125,33.125,33.125,33.125,56.25,56.25,56.25,56.25,56.25,56.25,56.25,56.25,56.25,56.25,56.25,56.25,62.5,62.5,62.5,62.5,62.5,62.5,62.5,62.5,62.5,62.5,62.5,65,70.625,70.625,70.625,70.625,73.125,73.125,73.125,73.125,73.125,79.375,79.375
Albania,ALB,Women Business and the Law Index Score (scale 1-100),SG.LAW.INDX,,,,,,,,,,,59.375,59.375,59.375,59.375,59.375,59.375,59.375,59.375,59.375,59.375,59.375,59.375,59.375,59.375,59.375,59.375,59.375,59.375,59.375,59.375,59.375,59.375,59.375,65,65,65,77.5,77.5,77.5,77.5,77.5,77.5,77.5,77.5,80,80,80,82.5,82.5,82.5,85.625,85.625,85.625,85.625,85.625,85.625,91.25,91.25,91.25,91.25,91.25,91.25,91.25
Andorra,AND,Women Business and the Law Index Score (scale 1-100),SG.LAW.INDX,,,,,,,,,,,,,,,,,,,,,,,,,,,,,,,,,,,,,,,,,,,,,,,,,,,,,,,,,,,,,,,
Arab World,ARB,Women Business and the Law Index Score (scale 1-100),SG.LAW.INDX,,,,,,,,,,,,,,,,,,,,,,,,,,,,,,,,,,,,,,,,,,,,,,,,,,,,,,,,,,,,,,,
United Arab Emirates,ARE,Women Business and the Law Index Score (scale 1-100),SG.LAW.INDX,,,,,,,,,,,17.5,17.5,17.5,17.5,17.5,17.5,17.5,17.5,17.5,17.5,17.5,17.5,17.5,17.5,17.5,17.5,17.5,17.5,17.5,17.5,17.5,17.5,17.5,17.5,17.5,17.5,17.5,17.5,17.5,26.875,26.875,26.875,26.875,26.875,26.875,26.875,26.875,26.875,26.875,26.875,26.875,26.875,26.875,26.875,26.875,26.875,26.875,26.875,30,59.375,82.5,82.5,82.5
Argentina,ARG,Women Business and the Law Index Score (scale 1-100),SG.LAW.INDX,,,,,,,,,,,30.625,30.625,30.625,30.625,30.625,32.5,38.75,38.75,38.75,38.75,38.75,38.75,38.75,38.75,38.75,38.75,38.75,38.75,59.375,59.375,59.375,59.375,62.5,62.5,62.5,65,65,65,65,65,65,65,65,65,70,70,70,70,70,73.125,73.125,73.125,73.125,73.125,73.125,73.125,73.125,73.125,76.25,76.25,76.25,79.375,79.375
Armenia,ARM,Women Business and the Law Index Score (scale 1-100),SG.LAW.INDX,,,,,,,,,,,55.625,55,55,58.125,58.125,58.125,58.125,58.125,58.125,58.125,58.125,58.125,58.125,58.125,58.125,58.125,58.125,58.125,58.125,58.125,58.125,58.125,58.125,58.125,58.125,58.125,61.25,61.25,61.25,61.25,61.25,61.25,61.25,64.375,64.375,76.875,79.375,79.375,79.375,79.375,79.375,82.5,82.5,82.5,82.5,82.5,82.5,82.5,85,85,85,87.5,87.5
American Samoa,ASM,Women Business and the Law Index Score (scale 1-100),SG.LAW.INDX,,,,,,,,,,,,,,,,,,,,,,,,,,,,,,,,,,,,,,,,,,,,,,,,,,,,,,,,,,,,,,,
Antigua and Barbuda,ATG,Women Business and the Law Index Score (scale 1-100),SG.LAW.INDX,,,,,,,,,,,51.875,51.875,51.875,58.125,58.125,58.125,61.25,61.25,61.25,61.25,61.25,61.25,61.25,61.25,61.25,61.25,61.25,61.25,61.25,61.25,61.25,61.25,61.25,61.25,61.25,61.25,61.25,63.75,63.75,66.25,66.25,66.25,66.25,66.25,66.25,66.25,66.25,66.25,66.25,66.25,66.25,66.25,66.25,66.25,66.25,66.25,66.25,66.25,66.25,66.25,66.25,66.25,66.25
Australia,AUS,Women Business and the Law Index Score (scale 1-100),SG.LAW.INDX,,,,,,,,,,,54.375,54.375,54.375,54.375,54.375,54.375,56.875,60,60,60,60,62.5,65.625,68.75,75,75,75,75,75,75,75,75,75,75,75,75,75,81.25,81.25,81.25,81.25,81.25,81.25,81.25,81.25,81.25,81.25,81.25,81.25,83.75,83.75,91.25,91.25,93.75,93.75,96.875,96.875,96.875,96.875,96.875,96.875,96.875,96.875
Austria,AUT,Women Business and the Law Index Score (scale 1-100),SG.LAW.INDX,,,,,,,,,,,41.25,41.25,41.25,41.25,43.75,43.75,51.875,51.875,51.875,68.125,68.125,68.125,68.125,68.125,70.625,70.625,70.625,70.625,70.625,70.625,70.625,73.125,73.125,76.25,76.25,76.25,76.25,78.75,78.75,78.75,78.75,78.75,78.75,81.875,81.875,85,85,85,85,91.25,91.25,91.25,91.25,91.25,94.375,94.375,94.375,94.375,94.375,94.375,96.875,96.875,96.875
Azerbaijan,AZE,Women Business and the Law Index Score (scale 1-100),SG.LAW.INDX,,,,,,,,,,,55.625,55,61.25,61.25,61.25,61.25,61.25,61.25,61.25,61.25,61.25,61.25,61.25,61.25,61.25,61.25,61.25,61.25,61.25,61.25,61.25,61.25,61.25,64.375,64.375,64.375,64.375,64.375,64.375,64.375,66.875,66.875,66.875,66.875,66.875,66.875,66.875,76.25,76.25,76.25,76.25,78.75,78.75,78.75,78.75,78.75,78.75,78.75,78.75,78.75,78.75,78.75,78.75
Burundi,BDI,Women Business and the Law Index Score (scale 1-100),SG.LAW.INDX,,,,,,,,,,,45,45,47.5,47.5,47.5,47.5,47.5,47.5,47.5,47.5,47.5,47.5,47.5,47.5,47.5,47.5,47.5,47.5,47.5,47.5,47.5,47.5,47.5,58.75,64.375,64.375,64.375,64.375,64.375,64.375,64.375,64.375,64.375,64.375,64.375,64.375,64.375,64.375,64.375,73.125,73.125,73.125,73.125,73.125,73.125,73.125,73.125,73.125,73.125,73.125,73.125,76.25,76.25
Belgium,BEL,Women Business and the Law Index Score (scale 1-100),SG.LAW.INDX,,,,,,,,,,,41.25,41.25,43.75,43.75,43.75,43.75,43.75,64.375,64.375,64.375,64.375,64.375,64.375,64.375,64.375,64.375,64.375,64.375,64.375,64.375,64.375,64.375,64.375,64.375,64.375,66.875,66.875,70,72.5,75.625,75.625,75.625,75.625,84.375,84.375,84.375,84.375,87.5,87.5,93.75,93.75,100,100,100,100,100,100,100,100,100,100,100,100
Benin,BEN,Women Business and the Law Index Score (scale 1-100),SG.LAW.INDX,,,,,,,,,,,28.125,28.125,28.125,37.5,40,40,40,40,40,40,40,40,40,40,40,40,40,40,40,40,40,40,40,40,40,40,40,40,49.375,49.375,49.375,49.375,49.375,46.875,46.875,65.625,65.625,71.875,71.875,71.875,71.875,71.875,74.375,74.375,74.375,74.375,74.375,74.375,74.375,74.375,77.5,80.625,83.75
Burkina Faso,BFA,Women Business and the Law Index Score (scale 1-100),SG.LAW.INDX,,,,,,,,,,,48.125,48.125,48.125,48.125,48.125,48.125,48.125,48.125,48.125,48.125,48.125,48.125,48.125,48.125,48.125,48.125,48.125,48.125,48.125,48.125,61.875,61.875,61.875,70.625,70.625,70.625,70.625,70.625,70.625,70.625,70.625,70.625,70.625,70.625,70.625,76.875,76.875,76.875,76.875,76.875,76.875,76.875,76.875,76.875,76.875,76.875,76.875,76.875,80,82.5,82.5,82.5,82.5
Bangladesh,BGD,Women Business and the Law Index Score (scale 1-100),SG.LAW.INDX,,,,,,,,,,,35,35,35,38.125,38.125,38.125,38.125,38.125,38.125,38.125,38.125,38.125,38.125,38.125,38.125,38.125,38.125,38.125,38.125,38.125,38.125,38.125,38.125,38.125,38.125,38.125,38.125,38.125,38.125,38.125,38.125,38.125,38.125,38.125,38.125,38.125,38.125,43.75,43.75,46.875,46.875,49.375,49.375,49.375,49.375,49.375,49.375,49.375,49.375,49.375,49.375,49.375,49.375
Bulgaria,BGR,Women Business and the Law Index Score (scale 1-100),SG.LAW.INDX,,,,,,,,,,,65,65,65,65,65,65,65,65,65,65,65,65,65,65,65,65,65,68.125,68.125,68.125,68.125,68.125,68.125,68.125,68.125,68.125,68.125,68.125,68.125,68.125,68.125,73.75,73.75,73.75,85.625,91.25,91.25,91.25,91.25,93.75,93.75,90.625,90.625,90.625,90.625,90.625,90.625,90.625,90.625,90.625,90.625,90.625,90.625
Bahrain,BHR,Women Business and the Law Index Score (scale 1-100),SG.LAW.INDX,,,,,,,,,,,20.625,20.625,20.625,20.625,20.625,20.625,20.625,26.25,26.25,26.25,26.25,26.25,26.25,26.25,26.25,26.25,26.25,26.25,26.25,26.25,26.25,26.25,26.25,26.25,28.75,28.75,28.75,28.75,28.75,28.75,28.75,28.75,28.75,28.75,28.75,28.75,31.875,31.875,31.875,31.875,31.875,31.875,31.875,35,35,35,37.5,37.5,40,46.25,55.625,65,68.125
"Bahamas, The",BHS,Women Business and the Law Index Score (scale 1-100),SG.LAW.INDX,,,,,,,,,,,50,50,56.25,56.25,56.25,56.25,56.25,56.25,56.25,56.25,56.25,56.25,56.25,58.75,58.75,61.875,61.875,61.875,64.375,64.375,64.375,64.375,73.125,73.125,73.125,73.125,73.125,73.125,73.125,73.125,73.125,73.125,81.25,81.25,81.25,81.25,81.25,81.25,81.25,81.25,81.25,81.25,81.25,81.25,81.25,81.25,81.25,81.25,81.25,81.25,81.25,81.25,81.25
Bosnia and Herzegovina,BIH,Women Business and the Law Index Score (scale 1-100),SG.LAW.INDX,,,,,,,,,,,58.125,58.125,58.125,58.125,58.125,58.125,58.125,58.125,58.125,58.125,58.125,58.125,58.125,58.125,58.125,58.125,58.125,58.125,58.125,58.125,58.125,58.125,58.125,58.125,58.125,58.125,58.125,58.125,58.125,61.25,66.875,66.875,66.875,76.25,76.25,78.75,78.75,78.75,78.75,78.75,81.875,81.875,81.875,81.875,81.875,81.875,85,88.125,85,85,85,85,85
Belarus,BLR,Women Business and the Law Index Score (scale 1-100),SG.LAW.INDX,,,,,,,,,,,55.625,55,55,58.125,58.125,58.125,58.125,58.125,58.125,58.125,58.125,58.125,58.125,58.125,58.125,58.125,58.125,58.125,58.125,58.125,58.125,58.125,61.25,61.25,63.75,70,70,70,70,70,73.125,73.125,73.125,73.125,73.125,73.125,73.125,73.125,73.125,73.125,73.125,73.125,73.125,73.125,75.625,75.625,75.625,75.625,75.625,75.625,75.625,75.625,75.625
Belize,BLZ,Women Business and the Law Index Score (scale 1-100),SG.LAW.INDX,,,,,,,,,,,51.25,51.25,51.25,51.25,51.25,51.25,51.25,51.25,51.25,51.25,53.75,63.125,63.125,63.125,63.125,63.125,63.125,63.125,63.125,63.125,63.125,63.125,63.125,65.625,65.625,65.625,65.625,71.875,71.875,71.875,71.875,74.375,76.875,76.875,76.875,76.875,76.875,76.875,76.875,76.875,76.875,76.875,79.375,79.375,79.375,79.375,79.375,79.375,79.375,79.375,79.375,79.375,79.375
Bermuda,BMU,Women Business and the Law Index Score (scale 1-100),SG.LAW.INDX,,,,,,,,,,,,,,,,,,,,,,,,,,,,,,,,,,,,,,,,,,,,,,,,,,,,,,,,,,,,,,,
Bolivia,BOL,Women Business and the Law Index Score (scale 1-100),SG.LAW.INDX,,,,,,,,,,,36.875,36.875,36.875,53.75,53.75,53.75,53.75,53.75,53.75,53.75,53.75,53.75,53.75,53.75,53.75,53.75,53.75,53.75,56.25,56.25,56.25,56.25,56.25,56.25,56.25,56.25,58.75,58.75,58.75,58.75,58.75,61.875,61.875,61.875,61.875,61.875,61.875,61.875,65,68.125,68.125,68.125,68.125,76.875,76.875,88.75,88.75,88.75,88.75,88.75,88.75,88.75,88.75
Brazil,BRA,Women Business and the Law Index Score (scale 1-100),SG.LAW.INDX,,,,,,,,,,,31.25,31.25,31.25,31.25,28.125,30.625,30.625,30.625,33.125,33.125,33.125,33.125,33.125,33.125,33.125,33.125,33.125,33.125,33.125,38.125,50.625,50.625,50.625,50.625,50.625,50.625,50.625,50.625,50.625,56.875,56.875,63.125,79.375,79.375,79.375,79.375,79.375,81.875,81.875,81.875,81.875,81.875,81.875,81.875,81.875,81.875,81.875,81.875,81.875,81.875,85,85,85
Barbados,BRB,Women Business and the Law Index Score (scale 1-100),SG.LAW.INDX,,,,,,,,,,,60,60,60,60,60,60,60,62.5,62.5,62.5,65.625,65.625,68.125,68.125,68.125,68.125,68.125,68.125,68.125,68.125,68.125,68.125,70.625,70.625,70.625,70.625,70.625,70.625,70.625,70.625,70.625,70.625,70.625,70.625,70.625,70.625,70.625,70.625,70.625,70.625,70.625,70.625,70.625,70.625,70.625,70.625,70.625,70.625,76.875,76.875,80,80,80
Brunei Darussalam,BRN,Women Business and the Law Index Score (scale 1-100),SG.LAW.INDX,,,,,,,,,,,38.75,38.75,38.75,38.75,38.75,38.75,38.75,38.75,38.75,38.75,38.75,38.75,38.75,38.75,41.875,41.875,41.875,41.875,41.875,41.875,41.875,41.875,41.875,41.875,41.875,41.875,41.875,41.875,41.875,41.875,46.875,46.875,46.875,46.875,46.875,46.875,46.875,46.875,46.875,46.875,53.125,53.125,53.125,53.125,53.125,53.125,53.125,53.125,53.125,53.125,53.125,53.125,53.125
Bhutan,BTN,Women Business and the Law Index Score (scale 1-100),SG.LAW.INDX,,,,,,,,,,,55,55,55,55,55,55,55,55,55,55,55,55,55,55,55,55,55,55,55,55,55,55,55,55,55,55,55,55,55,55,55,55,55,55,55,55,55,70,70,70,72.5,72.5,72.5,75,75,75,75,75,75,75,75,75,75
Botswana,BWA,Women Business and the Law Index Score (scale 1-100),SG.LAW.INDX,,,,,,,,,,,20,22.5,22.5,22.5,22.5,22.5,22.5,22.5,22.5,22.5,22.5,22.5,22.5,22.5,22.5,22.5,22.5,22.5,22.5,22.5,22.5,22.5,22.5,28.75,28.75,28.75,38.125,38.125,38.125,38.125,38.125,38.125,38.125,38.125,38.125,61.25,61.25,61.25,63.75,63.75,63.75,63.75,63.75,63.75,63.75,63.75,63.75,63.75,63.75,63.75,63.75,63.75,63.75
Central African Republic,CAF,Women Business and the Law Index Score (scale 1-100),SG.LAW.INDX,,,,,,,,,,,42.5,42.5,42.5,42.5,42.5,42.5,45,45,45,45,45,45,45,45,45,45,45,45,45,45,45,45,45,45,45,45,45,45,58.75,58.75,58.75,58.75,58.75,58.75,58.75,58.75,58.75,73.75,73.75,76.875,76.875,76.875,76.875,76.875,76.875,76.875,76.875,76.875,76.875,76.875,76.875,76.875,76.875
Canada,CAN,Women Business and the Law Index Score (scale 1-100),SG.LAW.INDX,,,,,,,,,,,63.75,63.75,68.75,68.75,68.75,71.25,71.25,74.375,80.625,80.625,80.625,80.625,80.625,80.625,80.625,86.25,86.25,89.375,89.375,89.375,95,97.5,97.5,97.5,97.5,97.5,97.5,97.5,97.5,97.5,97.5,97.5,97.5,97.5,97.5,97.5,97.5,97.5,97.5,97.5,97.5,97.5,97.5,97.5,97.5,97.5,97.5,97.5,97.5,100,100,100,100
Central Europe and the Baltics,CEB,Women Business and the Law Index Score (scale 1-100),SG.LAW.INDX,,,,,,,,,,,,,,,,,,,,,,,,,,,,,,,,,,,,,,,,,,,,,,,,,,,,,,,,,,,,,,,
Switzerland,CHE,Women Business and the Law Index Score (scale 1-100),SG.LAW.INDX,,,,,,,,,,,43.75,43.75,43.75,43.75,43.75,43.75,43.75,43.75,43.75,43.75,43.75,43.75,43.75,43.75,43.75,57.5,57.5,57.5,60,60,60,60,60,60,60,72.5,75.625,75.625,75.625,78.125,78.125,78.125,78.125,78.125,78.125,83.125,83.125,85.625,85.625,85.625,85.625,85.625,85.625,85.625,85.625,85.625,85.625,85.625,85.625,85.625,85.625,88.125,88.125
Channel Islands,CHI,Women Business and the Law Index Score (scale 1-100),SG.LAW.INDX,,,,,,,,,,,,,,,,,,,,,,,,,,,,,,,,,,,,,,,,,,,,,,,,,,,,,,,,,,,,,,,
Chile,CHL,Women Business and the Law Index Score (scale 1-100),SG.LAW.INDX,,,,,,,,,,,33.75,33.75,33.75,36.25,36.25,36.25,36.25,36.25,36.25,36.25,36.25,36.25,36.25,36.25,36.25,36.25,36.25,36.25,36.25,36.25,54.375,54.375,54.375,54.375,60.625,60.625,60.625,60.625,60.625,60.625,60.625,60.625,63.75,63.75,63.75,66.875,71.875,71.875,75,75,75,75,77.5,77.5,77.5,77.5,77.5,77.5,77.5,77.5,80,80,80
China,CHN,Women Business and the Law Index Score (scale 1-100),SG.LAW.INDX,,,,,,,,,,,56.875,56.875,56.875,56.875,56.875,56.875,56.875,56.875,56.875,56.875,56.875,56.875,56.875,56.875,56.875,56.875,56.875,56.875,56.875,59.375,59.375,59.375,59.375,59.375,59.375,62.5,62.5,62.5,62.5,62.5,62.5,62.5,65,65,70,70,72.5,72.5,69.375,69.375,69.375,69.375,75.625,75.625,75.625,75.625,75.625,75.625,75.625,75.625,75.625,75.625,78.125
Cote d'Ivoire,CIV,Women Business and the Law Index Score (scale 1-100),SG.LAW.INDX,,,,,,,,,,,45.625,45.625,45.625,45.625,45.625,45.625,45.625,45.625,45.625,45.625,45.625,45.625,45.625,45.625,48.75,48.75,48.75,48.75,48.75,48.75,48.75,48.75,48.75,48.75,48.75,63.125,63.125,63.125,63.125,69.375,69.375,69.375,69.375,69.375,69.375,69.375,69.375,69.375,69.375,69.375,69.375,69.375,69.375,81.25,81.25,81.25,81.25,81.25,78.125,83.125,83.125,83.125,95
Cameroon,CMR,Women Business and the Law Index Score (scale 1-100),SG.LAW.INDX,,,,,,,,,,,45.625,45.625,45.625,45.625,45.625,45.625,45.625,45.625,45.625,45.625,45.625,45.625,45.625,45.625,45.625,45.625,45.625,45.625,45.625,45.625,45.625,45.625,45.625,50.625,50.625,50.625,50.625,50.625,50.625,50.625,50.625,50.625,50.625,50.625,50.625,50.625,50.625,50.625,50.625,50.625,50.625,50.625,50.625,50.625,50.625,50.625,50.625,60,60,60,60,60,60
"Congo, Dem. Rep.",COD,Women Business and the Law Index Score (scale 1-100),SG.LAW.INDX,,,,,,,,,,,23.125,23.125,23.125,23.125,23.125,23.125,23.125,23.125,23.125,23.125,23.125,23.125,23.125,23.125,23.125,23.125,23.125,23.125,25.625,25.625,25.625,25.625,25.625,25.625,25.625,25.625,25.625,25.625,25.625,28.125,28.125,28.125,28.125,42.5,42.5,42.5,42.5,42.5,42.5,42.5,42.5,42.5,42.5,42.5,42.5,42.5,48.75,70,70,78.75,78.75,78.75,78.75
"Congo, Rep.",COG,Women Business and the Law Index Score (scale 1-100),SG.LAW.INDX,,,,,,,,,,,40,40,40,40,40,40,40,40,40,40,40,40,40,40,40,46.25,49.375,49.375,49.375,49.375,49.375,49.375,49.375,49.375,49.375,49.375,49.375,49.375,49.375,49.375,49.375,49.375,49.375,49.375,49.375,49.375,49.375,49.375,49.375,49.375,49.375,49.375,49.375,49.375,49.375,49.375,49.375,49.375,49.375,49.375,49.375,49.375,58.125
Colombia,COL,Women Business and the Law Index Score (scale 1-100),SG.LAW.INDX,,,,,,,,,,,51.25,51.25,51.25,51.25,51.25,56.875,59.375,59.375,59.375,59.375,59.375,59.375,59.375,59.375,59.375,59.375,59.375,59.375,59.375,59.375,59.375,59.375,59.375,59.375,59.375,59.375,59.375,61.875,61.875,61.875,61.875,64.375,64.375,66.875,66.875,66.875,73.125,73.125,73.125,73.125,73.125,73.125,78.75,78.75,78.75,78.75,78.75,81.875,81.875,81.875,81.875,84.375,84.375
Comoros,COM,Women Business and the Law Index Score (scale 1-100),SG.LAW.INDX,,,,,,,,,,,35.625,35.625,35.625,35.625,35.625,35.625,35.625,35.625,35.625,35.625,35.625,35.625,38.125,38.125,43.75,43.75,43.75,43.75,43.75,43.75,43.75,43.75,43.75,43.75,43.75,43.75,43.75,43.75,43.75,43.75,43.75,43.75,43.75,43.75,43.75,43.75,43.75,43.75,43.75,43.75,43.75,43.75,43.75,56.25,56.25,65,65,65,65,65,65,65,65
Cabo Verde,CPV,Women Business and the Law Index Score (scale 1-100),SG.LAW.INDX,,,,,,,,,,,36.875,36.875,36.875,36.875,36.875,36.875,36.875,36.875,36.875,36.875,36.875,36.875,57.5,60.625,60.625,60.625,60.625,60.625,60.625,60.625,60.625,60.625,60.625,60.625,60.625,60.625,60.625,60.625,63.125,63.125,63.125,63.125,63.125,63.125,78.125,78.125,78.125,78.125,86.25,86.25,86.25,86.25,86.25,86.25,86.25,86.25,86.25,86.25,86.25,86.25,86.25,86.25,86.25
Costa Rica,CRI,Women Business and the Law Index Score (scale 1-100),SG.LAW.INDX,,,,,,,,,,,55,55,55,55,63.125,63.125,63.125,63.125,63.125,63.125,63.125,63.125,63.125,63.125,63.125,63.125,65.625,65.625,65.625,65.625,65.625,65.625,65.625,65.625,65.625,75,77.5,77.5,77.5,77.5,77.5,77.5,77.5,77.5,77.5,77.5,77.5,77.5,80,80,80,80,80,80,80,80,80,80,80,83.125,86.25,86.25,91.875
Caribbean small states,CSS,Women Business and the Law Index Score (scale 1-100),SG.LAW.INDX,,,,,,,,,,,,,,,,,,,,,,,,,,,,,,,,,,,,,,,,,,,,,,,,,,,,,,,,,,,,,,,
Cuba,CUB,Women Business and the Law Index Score (scale 1-100),SG.LAW.INDX,,,,,,,,,,,,,,,,,,,,,,,,,,,,,,,,,,,,,,,,,,,,,,,,,,,,,,,,,,,,,,,
Curacao,CUW,Women Business and the Law Index Score (scale 1-100),SG.LAW.INDX,,,,,,,,,,,,,,,,,,,,,,,,,,,,,,,,,,,,,,,,,,,,,,,,,,,,,,,,,,,,,,,
Cayman Islands,CYM,Women Business and the Law Index Score (scale 1-100),SG.LAW.INDX,,,,,,,,,,,,,,,,,,,,,,,,,,,,,,,,,,,,,,,,,,,,,,,,,,,,,,,,,,,,,,,
Cyprus,CYP,Women Business and the Law Index Score (scale 1-100),SG.LAW.INDX,,,,,,,,,,,60,60,60,63.125,63.125,63.125,63.125,63.125,63.125,63.125,63.125,63.125,63.125,63.125,63.125,63.125,63.125,65.625,68.125,68.125,71.25,73.75,73.75,73.75,73.75,76.25,76.25,76.25,76.25,76.25,76.25,76.25,76.25,85.625,85.625,85.625,85.625,85.625,88.75,88.75,88.75,88.75,88.75,88.75,88.75,88.75,88.75,88.75,91.25,91.25,91.25,94.375,94.375
Czechia,CZE,Women Business and the Law Index Score (scale 1-100),SG.LAW.INDX,,,,,,,,,,,64.375,64.375,64.375,64.375,64.375,64.375,64.375,64.375,64.375,64.375,67.5,67.5,67.5,67.5,67.5,67.5,67.5,67.5,67.5,67.5,67.5,70,70,70,70,73.125,73.125,73.125,73.125,73.125,73.125,73.125,73.125,73.125,73.125,73.125,78.75,81.875,85,88.125,88.125,88.125,91.25,91.25,91.25,91.25,91.25,91.25,93.75,93.75,93.75,93.75,93.75
Germany,DEU,Women Business and the Law Index Score (scale 1-100),SG.LAW.INDX,,,,,,,,,,,62.5,62.5,62.5,62.5,62.5,62.5,62.5,65.625,65.625,65.625,65.625,65.625,65.625,65.625,65.625,65.625,71.25,71.25,71.25,71.25,71.25,71.25,71.25,71.25,71.25,74.375,74.375,74.375,76.875,76.875,76.875,76.875,79.375,79.375,79.375,79.375,81.875,93.75,93.75,96.875,96.875,96.875,96.875,96.875,96.875,96.875,96.875,96.875,100,100,100,100,100
Djibouti,DJI,Women Business and the Law Index Score (scale 1-100),SG.LAW.INDX,,,,,,,,,,,43.75,43.75,43.75,43.75,43.75,43.75,43.75,43.75,43.75,43.75,43.75,43.75,43.75,43.75,43.75,43.75,43.75,43.75,43.75,43.75,50,50,50,50,50,53.125,53.125,53.125,53.125,53.125,53.125,53.125,53.125,53.125,53.125,56.25,59.375,59.375,59.375,62.5,62.5,62.5,62.5,62.5,62.5,62.5,62.5,62.5,65,71.25,71.25,71.25,71.25
Dominica,DMA,Women Business and the Law Index Score (scale 1-100),SG.LAW.INDX,,,,,,,,,,,45.625,45.625,45.625,50.625,53.75,53.75,60,60,60,60,60,60,60,60,60,60,60,60,60,60,60,60,60,60,60,60,60,60,60,60,60,60,62.5,62.5,62.5,62.5,62.5,62.5,62.5,62.5,62.5,62.5,62.5,62.5,62.5,62.5,62.5,62.5,62.5,62.5,62.5,62.5,62.5
Denmark,DNK,Women Business and the Law Index Score (scale 1-100),SG.LAW.INDX,,,,,,,,,,,71.25,71.25,71.25,71.25,71.25,71.25,71.25,71.25,71.25,71.25,71.25,71.25,71.25,71.25,71.25,76.25,76.25,76.25,76.25,78.75,78.75,78.75,81.875,81.875,81.875,81.875,81.875,81.875,85,85,91.25,91.25,91.25,91.25,91.25,91.25,91.25,91.25,97.5,97.5,97.5,97.5,100,100,100,100,100,100,100,100,100,100,100
Dominican Republic,DOM,Women Business and the Law Index Score (scale 1-100),SG.LAW.INDX,,,,,,,,,,,37.5,37.5,37.5,37.5,37.5,37.5,37.5,37.5,37.5,55.625,55.625,55.625,55.625,55.625,55.625,55.625,55.625,55.625,55.625,55.625,55.625,55.625,67.5,67.5,67.5,67.5,67.5,73.125,73.125,73.125,73.125,73.125,78.125,78.125,78.125,78.125,78.125,78.125,78.125,78.125,78.125,78.125,78.125,78.125,78.125,83.75,83.75,86.25,86.25,86.25,86.25,86.25,86.25
Algeria,DZA,Women Business and the Law Index Score (scale 1-100),SG.LAW.INDX,,,,,,,,,,,30,30,30,30,30,32.5,32.5,32.5,32.5,32.5,32.5,32.5,32.5,35.625,38.125,38.125,38.125,38.125,38.125,38.125,43.75,43.75,43.75,43.75,43.75,43.75,43.75,40.625,40.625,40.625,40.625,40.625,40.625,40.625,40.625,55,55,55,55,55,55,55,55,55,55,55,57.5,57.5,57.5,57.5,57.5,57.5,57.5
East Asia & Pacific (excluding high income),EAP,Women Business and the Law Index Score (scale 1-100),SG.LAW.INDX,,,,,,,,,,,,,,,,,,,,,,,,,,,,,,,,,,,,,,,,,,,,,,,,,,,,,,,,,,,,,,,
Early-demographic dividend,EAR,Women Business and the Law Index Score (scale 1-100),SG.LAW.INDX,,,,,,,,,,,,,,,,,,,,,,,,,,,,,,,,,,,,,,,,,,,,,,,,,,,,,,,,,,,,,,,
East Asia & Pacific,EAS,Women Business and the Law Index Score (scale 1-100),SG.LAW.INDX,,,,,,,,,,,48.36206897,48.44827586,48.6637931,49.48275862,50.49568966,50.49568966,50.68965517,51.42241379,51.74568966,51.85344828,51.85344828,52.24137931,52.67241379,52.78017241,53.10344828,53.38362069,53.55603448,53.94396552,54.78448276,55.0862069,55.5387931,56.20689655,56.31465517,56.31465517,56.81034483,57.56465517,58.18965517,59.11637931,59.56896552,60.30172414,60.79741379,60.88362069,62.04741379,62.54310345,63.16810345,63.51293103,63.98706897,64.41810345,65.60344828,66.14224138,66.74568966,67.71551724,69.20258621,70.56034483,71.50862069,71.875,72.67241379,72.84482759,73.125,73.40517241,74.05172414,74.4612069,74.95689655
Europe & Central Asia (excluding high income),ECA,Women Business and the Law Index Score (scale 1-100),SG.LAW.INDX,,,,,,,,,,,,,,,,,,,,,,,,,,,,,,,,,,,,,,,,,,,,,,,,,,,,,,,,,,,,,,,
Europe & Central Asia,ECS,Women Business and the Law Index Score (scale 1-100),SG.LAW.INDX,,,,,,,,,,,56.59438776,56.33928571,57.18112245,58.125,58.35459184,59.31122449,59.93622449,60.67602041,61.50510204,61.96428571,62.33418367,62.57653061,62.95918367,63.32908163,63.49489796,64.00510204,64.75765306,65.10204082,65.24234694,65.53571429,65.88010204,66.45408163,67.18112245,67.88265306,68.43112245,69.4005102,70.86734694,71.45408163,71.8494898,72.64030612,73.69897959,74.11989796,75.77806122,77.95918367,79.84693878,81.19897959,82.61479592,83.96683673,84.87244898,86.30102041,87.34693878,88.1122449,88.44387755,88.7244898,88.83928571,89.13265306,89.43877551,89.85969388,90.26785714,90.45918367,90.67602041,91.10969388,91.28826531
Ecuador,ECU,Women Business and the Law Index Score (scale 1-100),SG.LAW.INDX,,,,,,,,,,,34.375,51.875,51.875,51.875,51.875,51.875,51.875,51.875,51.875,51.875,51.875,51.875,51.875,51.875,51.875,51.875,51.875,51.875,51.875,58.125,63.75,63.75,63.75,63.75,63.75,63.75,66.25,66.25,66.25,75.625,75.625,75.625,78.75,78.75,78.75,78.75,81.25,81.25,81.25,84.375,84.375,84.375,84.375,84.375,84.375,84.375,89.375,89.375,89.375,89.375,89.375,89.375,89.375
"Egypt, Arab Rep.",EGY,Women Business and the Law Index Score (scale 1-100),SG.LAW.INDX,,,,,,,,,,,29.375,29.375,29.375,29.375,29.375,29.375,29.375,29.375,29.375,29.375,29.375,29.375,29.375,29.375,29.375,29.375,26.875,26.875,26.875,26.875,26.875,26.875,26.875,26.875,26.875,26.875,30,30,30,30,30,33.125,33.125,38.75,38.75,38.75,38.75,38.75,38.75,38.75,38.75,38.75,38.75,38.75,38.75,45,45,45,45,45,45,50.625,50.625
Euro area,EMU,Women Business and the Law Index Score (scale 1-100),SG.LAW.INDX,,,,,,,,,,,,,,,,,,,,,,,,,,,,,,,,,,,,,,,,,,,,,,,,,,,,,,,,,,,,,,,
Eritrea,ERI,Women Business and the Law Index Score (scale 1-100),SG.LAW.INDX,,,,,,,,,,,50.625,50.625,50.625,50.625,50.625,50.625,50.625,50.625,50.625,50.625,50.625,50.625,50.625,50.625,50.625,50.625,50.625,50.625,50.625,50.625,50.625,50.625,63.75,63.125,63.125,63.125,63.125,63.125,63.125,63.125,63.125,63.125,69.375,69.375,69.375,69.375,69.375,69.375,69.375,69.375,69.375,69.375,69.375,69.375,69.375,69.375,69.375,69.375,69.375,69.375,69.375,69.375,69.375
Spain,ESP,Women Business and the Law Index Score (scale 1-100),SG.LAW.INDX,,,,,,,,,,,33.75,33.75,33.75,33.75,33.75,51.875,54.375,54.375,57.5,57.5,60.625,60.625,73.75,73.75,73.75,73.75,73.75,73.75,73.75,73.75,73.75,73.75,73.75,73.75,76.875,79.375,94.375,94.375,94.375,94.375,94.375,94.375,94.375,94.375,94.375,94.375,94.375,97.5,97.5,97.5,97.5,97.5,97.5,97.5,97.5,97.5,97.5,97.5,97.5,97.5,97.5,100,100
Estonia,EST,Women Business and the Law Index Score (scale 1-100),SG.LAW.INDX,,,,,,,,,,,55.625,55,55,55,55,55,55,55,55,55,55,55,55,55,55,55,55,55,55,55,55,55,63.75,63.75,63.75,63.75,63.75,63.75,63.75,63.75,63.75,63.75,69.375,69.375,81.875,81.875,81.875,81.875,81.875,88.125,91.25,91.25,91.25,91.25,91.25,91.25,97.5,97.5,97.5,97.5,97.5,97.5,97.5
Ethiopia,ETH,Women Business and the Law Index Score (scale 1-100),SG.LAW.INDX,,,,,,,,,,,50.625,50.625,50.625,50.625,50.625,50.625,50.625,50.625,50.625,50.625,50.625,50.625,50.625,50.625,50.625,50.625,50.625,50.625,50.625,50.625,50.625,50.625,50.625,50,50,50,50,50,50,50,50,63.125,63.125,63.125,63.125,65.625,65.625,65.625,65.625,65.625,65.625,65.625,71.875,71.875,71.875,71.875,71.875,71.875,71.875,71.875,76.875,76.875,76.875
European Union,EUU,Women Business and the Law Index Score (scale 1-100),SG.LAW.INDX,,,,,,,,,,,,,,,,,,,,,,,,,,,,,,,,,,,,,,,,,,,,,,,,,,,,,,,,,,,,,,,
Fragile and conflict affected situations,FCS,Women Business and the Law Index Score (scale 1-100),SG.LAW.INDX,,,,,,,,,,,,,,,,,,,,,,,,,,,,,,,,,,,,,,,,,,,,,,,,,,,,,,,,,,,,,,,
Finland,FIN,Women Business and the Law Index Score (scale 1-100),SG.LAW.INDX,,,,,,,,,,,65.625,65.625,65.625,65.625,65.625,68.125,68.125,68.125,73.125,73.125,73.125,73.125,73.125,73.125,73.125,73.125,76.25,79.375,79.375,82.5,82.5,82.5,82.5,82.5,82.5,82.5,82.5,82.5,82.5,85,85,85,85,85,88.125,94.375,94.375,94.375,94.375,97.5,97.5,97.5,97.5,97.5,97.5,97.5,97.5,97.5,97.5,97.5,97.5,97.5,97.5
Fiji,FJI,Women Business and the Law Index Score (scale 1-100),SG.LAW.INDX,,,,,,,,,,,51.25,51.25,51.25,51.25,51.25,51.25,51.25,51.25,51.25,51.25,51.25,51.25,51.25,51.25,51.25,51.25,51.25,51.25,51.25,51.25,51.25,51.25,51.25,51.25,51.25,51.25,51.25,51.25,51.25,57.5,57.5,57.5,57.5,57.5,60,60,60,60,71.875,71.875,74.375,74.375,74.375,74.375,74.375,74.375,74.375,74.375,74.375,79.375,82.5,82.5,82.5
France,FRA,Women Business and the Law Index Score (scale 1-100),SG.LAW.INDX,,,,,,,,,,,53.75,56.25,56.25,59.375,59.375,59.375,62.5,62.5,62.5,62.5,62.5,62.5,62.5,65.625,65.625,65.625,73.75,73.75,76.875,76.875,76.875,76.875,76.875,86.25,86.25,86.25,86.25,86.25,86.25,86.25,86.25,89.375,89.375,89.375,91.875,91.875,94.375,97.5,97.5,97.5,97.5,97.5,97.5,97.5,97.5,100,100,100,100,100,100,100,100
Faroe Islands,FRO,Women Business and the Law Index Score (scale 1-100),SG.LAW.INDX,,,,,,,,,,,,,,,,,,,,,,,,,,,,,,,,,,,,,,,,,,,,,,,,,,,,,,,,,,,,,,,
"Micronesia, Fed. Sts.",FSM,Women Business and the Law Index Score (scale 1-100),SG.LAW.INDX,,,,,,,,,,,58.75,58.75,58.75,58.75,58.75,58.75,58.75,58.75,58.75,58.75,58.75,58.75,58.75,58.75,58.75,58.75,58.75,58.75,58.75,58.75,58.75,58.75,58.75,58.75,58.75,58.75,58.75,58.75,58.75,58.75,58.75,58.75,58.75,58.75,58.75,58.75,58.75,58.75,58.75,58.75,58.75,58.75,58.75,58.75,58.75,58.75,58.75,58.75,61.25,61.25,61.25,61.25,61.25
Gabon,GAB,Women Business and the Law Index Score (scale 1-100),SG.LAW.INDX,,,,,,,,,,,43.125,43.125,43.125,43.125,43.125,43.125,43.125,43.125,43.125,43.125,43.125,43.125,43.125,43.125,45.625,45.625,45.625,45.625,45.625,45.625,45.625,45.625,45.625,45.625,45.625,51.25,51.25,51.25,51.25,51.25,51.25,51.25,51.25,51.25,51.25,51.25,51.25,51.25,51.25,51.25,51.25,51.25,51.25,51.25,51.25,51.25,51.25,57.5,57.5,57.5,57.5,82.5,95
United Kingdom,GBR,Women Business and the Law Index Score (scale 1-100),SG.LAW.INDX,,,,,,,,,,,51.875,51.875,51.875,56.875,60,63.125,69.375,69.375,69.375,69.375,69.375,72.5,72.5,72.5,72.5,72.5,72.5,75,75,78.125,78.125,78.125,78.125,78.125,78.125,78.125,81.25,83.75,83.75,83.75,86.25,86.25,86.25,88.75,88.75,88.75,91.875,91.875,91.875,91.875,95,95,95,95,95,97.5,97.5,97.5,97.5,97.5,97.5,97.5,97.5
Georgia,GEO,Women Business and the Law Index Score (scale 1-100),SG.LAW.INDX,,,,,,,,,,,55.625,55,58.125,58.125,61.25,61.25,61.25,61.25,61.25,61.25,61.25,61.25,61.25,61.25,61.25,61.25,61.25,61.25,61.25,58.125,58.125,58.125,58.125,61.25,61.25,61.25,61.25,61.25,61.25,61.25,61.25,61.25,61.25,61.25,64.375,64.375,76.25,76.25,76.25,76.25,79.375,79.375,79.375,79.375,79.375,79.375,79.375,79.375,79.375,85.625,85.625,88.125,88.125
Ghana,GHA,Women Business and the Law Index Score (scale 1-100),SG.LAW.INDX,,,,,,,,,,,46.25,46.25,49.375,49.375,49.375,49.375,49.375,49.375,49.375,49.375,49.375,49.375,49.375,49.375,49.375,49.375,54.375,54.375,54.375,54.375,54.375,57.5,57.5,57.5,57.5,57.5,57.5,57.5,57.5,57.5,57.5,57.5,57.5,57.5,72.5,72.5,72.5,75,75,75,75,75,75,75,75,75,75,75,75,75,75,75,75
Gibraltar,GIB,Women Business and the Law Index Score (scale 1-100),SG.LAW.INDX,,,,,,,,,,,,,,,,,,,,,,,,,,,,,,,,,,,,,,,,,,,,,,,,,,,,,,,,,,,,,,,
Guinea,GIN,Women Business and the Law Index Score (scale 1-100),SG.LAW.INDX,,,,,,,,,,,41.25,41.25,41.25,41.25,41.25,41.25,41.25,41.25,41.25,41.25,41.25,41.25,41.25,41.25,41.25,41.25,41.25,41.25,46.875,46.875,46.875,46.875,46.875,46.875,46.875,46.875,46.875,46.875,46.875,46.875,46.875,46.875,46.875,46.875,46.875,46.875,46.875,46.875,46.875,46.875,46.875,46.875,46.875,46.875,59.375,59.375,59.375,62.5,62.5,73.75,73.75,73.75,73.75
"Gambia, The",GMB,Women Business and the Law Index Score (scale 1-100),SG.LAW.INDX,,,,,,,,,,,44.375,44.375,44.375,44.375,44.375,44.375,44.375,44.375,50.625,50.625,50.625,50.625,50.625,50.625,50.625,50.625,50.625,53.75,53.75,53.75,53.75,53.75,53.75,53.75,53.75,53.75,53.75,53.75,53.75,53.75,53.75,53.75,53.75,53.75,53.75,53.75,53.75,53.75,56.25,56.25,56.25,66.875,66.875,66.875,69.375,69.375,69.375,69.375,69.375,69.375,69.375,69.375,69.375
Guinea-Bissau,GNB,Women Business and the Law Index Score (scale 1-100),SG.LAW.INDX,,,,,,,,,,,28.125,28.125,28.125,28.125,28.125,28.125,28.125,28.125,28.125,28.125,28.125,28.125,28.125,28.125,28.125,28.125,40,40,40,40,40,40,40,40,40,40,40,40,40,40,40,40,40,40,40,40,40,40,40,40,40,40,40,40,42.5,42.5,42.5,42.5,42.5,42.5,42.5,42.5,42.5
Equatorial Guinea,GNQ,Women Business and the Law Index Score (scale 1-100),SG.LAW.INDX,,,,,,,,,,,31.875,31.875,31.875,31.875,31.875,31.875,31.875,31.875,31.875,31.875,31.875,31.875,31.875,31.875,40.625,40.625,40.625,40.625,40.625,40.625,46.25,46.25,46.25,46.25,46.25,46.25,46.25,46.25,46.25,46.25,46.25,46.25,46.25,46.25,46.25,46.25,46.25,46.25,46.25,46.25,46.25,46.25,46.25,51.875,51.875,51.875,51.875,51.875,51.875,51.875,51.875,51.875,51.875
Greece,GRC,Women Business and the Law Index Score (scale 1-100),SG.LAW.INDX,,,,,,,,,,,43.75,43.75,43.75,43.75,43.75,43.75,43.75,43.75,43.75,43.75,43.75,43.75,43.75,61.875,67.5,70.625,70.625,70.625,70.625,70.625,70.625,70.625,70.625,73.125,73.125,73.125,73.125,73.125,73.125,73.125,73.125,73.125,73.125,73.125,73.125,73.125,73.125,85,85,85,88.125,97.5,97.5,97.5,97.5,97.5,97.5,97.5,97.5,97.5,97.5,100,100
Grenada,GRD,Women Business and the Law Index Score (scale 1-100),SG.LAW.INDX,,,,,,,,,,,45.625,45.625,45.625,50.625,53.75,53.75,53.75,53.75,53.75,53.75,53.75,56.25,56.25,65.625,65.625,65.625,65.625,65.625,65.625,65.625,65.625,65.625,65.625,65.625,65.625,65.625,65.625,65.625,65.625,65.625,75,75,77.5,77.5,77.5,77.5,77.5,77.5,77.5,77.5,77.5,77.5,77.5,77.5,77.5,77.5,77.5,77.5,77.5,80.625,80.625,80.625,80.625
Greenland,GRL,Women Business and the Law Index Score (scale 1-100),SG.LAW.INDX,,,,,,,,,,,,,,,,,,,,,,,,,,,,,,,,,,,,,,,,,,,,,,,,,,,,,,,,,,,,,,,
Guatemala,GTM,Women Business and the Law Index Score (scale 1-100),SG.LAW.INDX,,,,,,,,,,,49.375,49.375,49.375,49.375,49.375,49.375,49.375,49.375,49.375,49.375,49.375,49.375,49.375,49.375,49.375,49.375,49.375,49.375,49.375,49.375,49.375,49.375,49.375,55,57.5,57.5,57.5,60,60,65,68.125,68.125,68.125,71.25,71.25,71.25,71.25,71.25,73.75,73.75,73.75,73.75,73.75,73.75,73.75,73.75,73.75,73.75,73.75,73.75,73.75,73.75,73.75
Guam,GUM,Women Business and the Law Index Score (scale 1-100),SG.LAW.INDX,,,,,,,,,,,,,,,,,,,,,,,,,,,,,,,,,,,,,,,,,,,,,,,,,,,,,,,,,,,,,,,
Guyana,GUY,Women Business and the Law Index Score (scale 1-100),SG.LAW.INDX,,,,,,,,,,,60.625,60.625,60.625,60.625,60.625,60.625,60.625,60.625,60.625,60.625,60.625,60.625,60.625,60.625,60.625,60.625,60.625,60.625,60.625,63.75,63.75,66.25,66.25,66.25,66.25,66.25,66.25,71.875,86.875,86.875,86.875,86.875,86.875,86.875,86.875,86.875,86.875,86.875,86.875,86.875,86.875,86.875,86.875,86.875,86.875,86.875,86.875,86.875,86.875,86.875,86.875,86.875,86.875
High income,HIC,Women Business and the Law Index Score (scale 1-100),SG.LAW.INDX,,,,,,,,,,,51.27155172,51.43318966,52.06896552,53.11422414,53.60991379,54.56896552,55.24784483,56.45474138,57.37068966,57.84482759,58.2112069,58.79310345,59.36422414,59.82758621,60.12931034,60.80818966,61.48706897,61.9612069,62.43534483,62.79094828,63.77155172,64.13793103,64.71982759,65.06465517,65.89439655,66.90732759,68.13577586,68.62068966,68.99784483,69.9137931,70.77586207,71.18534483,72.73706897,73.99784483,75.29094828,75.78663793,76.6487069,77.68318966,78.50215517,79.74137931,80.625,81.28232759,81.6487069,81.875,82.57543103,82.88793103,83.17887931,83.42672414,84.17025862,85.33405172,86.31465517,86.86422414,86.85344828
"Hong Kong SAR, China",HKG,Women Business and the Law Index Score (scale 1-100),SG.LAW.INDX,,,,,,,,,,,62.5,62.5,62.5,71.875,71.875,71.875,71.875,71.875,71.875,71.875,71.875,71.875,71.875,71.875,71.875,71.875,71.875,74.375,74.375,74.375,74.375,74.375,74.375,74.375,74.375,74.375,83.75,86.875,86.875,86.875,86.875,86.875,86.875,86.875,86.875,86.875,86.875,86.875,86.875,86.875,86.875,86.875,86.875,86.875,86.875,89.375,89.375,89.375,89.375,89.375,89.375,91.875,91.875
Honduras,HND,Women Business and the Law Index Score (scale 1-100),SG.LAW.INDX,,,,,,,,,,,48.75,48.75,51.875,51.875,51.875,51.875,51.875,51.875,51.875,51.875,51.875,51.875,51.875,51.875,51.875,51.875,51.875,51.875,51.875,51.875,51.875,51.875,51.875,51.875,51.875,51.875,51.875,60.625,60.625,60.625,63.75,63.75,63.75,63.75,63.75,63.75,63.75,63.75,66.875,66.875,66.875,66.875,66.875,75,75,75,75,75,75,75,75,75,75
Heavily indebted poor countries (HIPC),HPC,Women Business and the Law Index Score (scale 1-100),SG.LAW.INDX,,,,,,,,,,,,,,,,,,,,,,,,,,,,,,,,,,,,,,,,,,,,,,,,,,,,,,,,,,,,,,,
Croatia,HRV,Women Business and the Law Index Score (scale 1-100),SG.LAW.INDX,,,,,,,,,,,58.125,58.125,58.125,58.125,58.125,58.125,58.125,58.125,58.125,58.125,58.125,58.125,58.125,58.125,58.125,58.125,58.125,58.125,58.125,58.125,61.25,61.25,61.25,61.25,61.25,67.5,67.5,67.5,67.5,67.5,67.5,67.5,67.5,67.5,76.25,76.25,76.25,76.25,79.375,84.375,93.75,93.75,93.75,93.75,93.75,93.75,93.75,93.75,93.75,93.75,93.75,93.75,93.75
Haiti,HTI,Women Business and the Law Index Score (scale 1-100),SG.LAW.INDX,,,,,,,,,,,37.5,37.5,37.5,37.5,37.5,37.5,37.5,37.5,37.5,37.5,37.5,37.5,37.5,52.5,58.75,58.75,58.75,58.75,58.75,58.75,58.75,58.75,58.75,58.75,58.75,58.75,58.75,58.75,58.75,58.75,58.75,58.75,58.75,58.75,58.75,58.75,58.75,58.75,58.75,58.75,58.75,58.75,58.75,58.75,58.75,58.75,58.75,61.25,61.25,61.25,61.25,61.25,61.25
Hungary,HUN,Women Business and the Law Index Score (scale 1-100),SG.LAW.INDX,,,,,,,,,,,66.875,66.875,66.875,66.875,66.875,66.875,66.875,66.875,66.875,66.875,66.875,66.875,66.875,66.875,66.875,66.875,66.875,66.875,66.875,66.875,70,70,69.375,69.375,69.375,69.375,69.375,69.375,69.375,69.375,69.375,69.375,69.375,69.375,75.625,75.625,75.625,81.875,81.875,91.25,93.75,93.75,96.875,96.875,96.875,96.875,96.875,96.875,96.875,96.875,96.875,96.875,96.875
IBRD only,IBD,Women Business and the Law Index Score (scale 1-100),SG.LAW.INDX,,,,,,,,,,,,,,,,,,,,,,,,,,,,,,,,,,,,,,,,,,,,,,,,,,,,,,,,,,,,,,,
IDA & IBRD total,IBT,Women Business and the Law Index Score (scale 1-100),SG.LAW.INDX,,,,,,,,,,,,,,,,,,,,,,,,,,,,,,,,,,,,,,,,,,,,,,,,,,,,,,,,,,,,,,,
IDA total,IDA,Women Business and the Law Index Score (scale 1-100),SG.LAW.INDX,,,,,,,,,,,,,,,,,,,,,,,,,,,,,,,,,,,,,,,,,,,,,,,,,,,,,,,,,,,,,,,
IDA blend,IDB,Women Business and the Law Index Score (scale 1-100),SG.LAW.INDX,,,,,,,,,,,,,,,,,,,,,,,,,,,,,,,,,,,,,,,,,,,,,,,,,,,,,,,,,,,,,,,
Indonesia,IDN,Women Business and the Law Index Score (scale 1-100),SG.LAW.INDX,,,,,,,,,,,20.625,20.625,20.625,20.625,41.25,41.25,41.25,47.5,47.5,47.5,47.5,47.5,47.5,47.5,47.5,47.5,47.5,47.5,47.5,47.5,47.5,47.5,47.5,47.5,47.5,47.5,47.5,47.5,50,50,50,50,50,59.375,61.875,64.375,64.375,64.375,64.375,64.375,64.375,64.375,64.375,64.375,64.375,64.375,64.375,64.375,64.375,64.375,64.375,64.375,70.625
IDA only,IDX,Women Business and the Law Index Score (scale 1-100),SG.LAW.INDX,,,,,,,,,,,,,,,,,,,,,,,,,,,,,,,,,,,,,,,,,,,,,,,,,,,,,,,,,,,,,,,
Isle of Man,IMN,Women Business and the Law Index Score (scale 1-100),SG.LAW.INDX,,,,,,,,,,,,,,,,,,,,,,,,,,,,,,,,,,,,,,,,,,,,,,,,,,,,,,,,,,,,,,,
India,IND,Women Business and the Law Index Score (scale 1-100),SG.LAW.INDX,,,,,,,,,,,49.375,49.375,49.375,49.375,49.375,49.375,49.375,49.375,49.375,49.375,49.375,49.375,49.375,49.375,49.375,49.375,49.375,49.375,52.5,52.5,52.5,52.5,52.5,52.5,52.5,57.5,57.5,57.5,63.75,63.75,63.75,63.75,63.75,63.75,63.75,63.75,66.25,66.25,66.25,66.25,66.25,66.25,66.25,66.25,66.25,66.25,66.25,68.75,71.875,71.875,74.375,74.375,74.375
Not classified,INX,Women Business and the Law Index Score (scale 1-100),SG.LAW.INDX,,,,,,,,,,,,,,,,,,,,,,,,,,,,,,,,,,,,,,,,,,,,,,,,,,,,,,,,,,,,,,,
Ireland,IRL,Women Business and the Law Index Score (scale 1-100),SG.LAW.INDX,,,,,,,,,,,55,55,55,55,55,58.125,58.125,60.625,63.75,63.75,63.75,69.375,71.875,71.875,71.875,71.875,71.875,75,75,75,75,75,75,75,78.125,78.125,83.125,85.625,85.625,91.875,95,95,95,95,95,95,95,95,95,95,95,95,95,95,95,95,95,97.5,97.5,97.5,100,100,100
"Iran, Islamic Rep.",IRN,Women Business and the Law Index Score (scale 1-100),SG.LAW.INDX,,,,,,,,,,,29.375,29.375,29.375,29.375,29.375,29.375,29.375,29.375,29.375,29.375,29.375,29.375,29.375,29.375,29.375,29.375,29.375,29.375,29.375,29.375,29.375,26.25,26.25,26.25,26.25,26.25,26.25,26.25,26.25,26.25,26.25,26.25,26.25,26.25,26.25,26.25,26.25,26.25,28.75,28.75,28.75,28.75,28.75,28.75,31.25,31.25,31.25,31.25,31.25,31.25,31.25,31.25,31.25
Iraq,IRQ,Women Business and the Law Index Score (scale 1-100),SG.LAW.INDX,,,,,,,,,,,26.875,26.875,26.875,26.875,26.875,26.875,26.875,26.875,26.875,26.875,26.875,26.875,26.875,26.875,26.875,26.875,26.875,26.875,33.125,33.125,33.125,33.125,33.125,33.125,33.125,33.125,33.125,33.125,33.125,33.125,33.125,33.125,33.125,33.125,33.125,33.125,33.125,33.125,33.125,33.125,33.125,33.125,33.125,33.125,33.125,33.125,45,45,45,45,45,45,48.125
Iceland,ISL,Women Business and the Law Index Score (scale 1-100),SG.LAW.INDX,,,,,,,,,,,66.25,66.25,66.25,66.25,66.25,69.375,75,75,75,75,75,75,75,75,75,78.125,78.125,80.625,85.625,85.625,85.625,85.625,85.625,85.625,85.625,85.625,85.625,85.625,88.125,88.125,94.375,94.375,94.375,94.375,94.375,94.375,94.375,94.375,94.375,94.375,94.375,94.375,96.875,96.875,96.875,96.875,100,100,100,100,100,100,100
Israel,ISR,Women Business and the Law Index Score (scale 1-100),SG.LAW.INDX,,,,,,,,,,,57.5,57.5,57.5,57.5,60,60,60,60,60,60,60,60,60,60,60,60,60,60,63.125,63.125,63.125,65.625,65.625,65.625,65.625,65.625,68.75,68.75,75,75,78.125,78.125,78.125,78.125,75,75,77.5,77.5,77.5,77.5,77.5,77.5,77.5,77.5,80.625,80.625,80.625,80.625,80.625,80.625,80.625,80.625,80.625
Italy,ITA,Women Business and the Law Index Score (scale 1-100),SG.LAW.INDX,,,,,,,,,,,48.75,51.25,53.75,53.75,53.75,65,65,65,71.25,71.25,71.25,71.25,71.25,71.25,71.25,71.25,71.25,71.25,71.25,71.25,71.25,71.25,71.25,71.25,71.25,71.25,74.375,74.375,74.375,74.375,76.875,80,80,80,80,83.125,89.375,89.375,89.375,89.375,89.375,89.375,89.375,91.875,94.375,94.375,94.375,94.375,97.5,97.5,97.5,97.5,97.5
Jamaica,JAM,Women Business and the Law Index Score (scale 1-100),SG.LAW.INDX,,,,,,,,,,,48.75,48.75,48.75,48.75,48.75,48.75,48.75,48.75,48.75,48.75,51.25,51.25,51.25,51.25,51.25,51.25,51.25,51.25,51.25,56.875,56.875,56.875,56.875,56.875,56.875,56.875,59.375,59.375,59.375,59.375,59.375,59.375,59.375,59.375,59.375,59.375,61.875,61.875,61.875,61.875,61.875,61.875,61.875,61.875,61.875,68.125,68.125,68.125,68.125,68.125,68.125,68.125,74.375
Jordan,JOR,Women Business and the Law Index Score (scale 1-100),SG.LAW.INDX,,,,,,,,,,,20.625,20.625,20.625,20.625,20.625,20.625,20.625,20.625,20.625,23.125,26.25,26.25,26.25,26.25,26.25,26.25,26.25,26.25,26.25,26.25,26.25,26.25,26.25,26.25,26.25,26.25,26.25,26.25,26.25,26.25,26.25,26.25,26.25,26.25,26.25,26.25,26.25,26.25,28.75,28.75,31.875,31.875,31.875,31.875,31.875,31.875,31.875,31.875,31.875,40.625,46.875,46.875,46.875
Japan,JPN,Women Business and the Law Index Score (scale 1-100),SG.LAW.INDX,,,,,,,,,,,62.5,62.5,62.5,65.625,65.625,65.625,65.625,65.625,65.625,65.625,65.625,65.625,65.625,65.625,65.625,68.125,68.125,68.125,68.125,68.125,68.125,71.25,71.25,71.25,71.25,73.75,73.75,73.75,73.75,73.75,73.75,76.25,76.25,76.25,76.25,76.25,76.25,76.25,76.25,76.25,78.75,78.75,78.75,78.75,78.75,78.75,78.75,78.75,78.75,78.75,78.75,78.75,78.75
Kazakhstan,KAZ,Women Business and the Law Index Score (scale 1-100),SG.LAW.INDX,,,,,,,,,,,55.625,52.5,55,58.125,58.125,58.125,58.125,58.125,58.125,58.125,58.125,58.125,58.125,58.125,58.125,58.125,58.125,58.125,58.125,58.125,58.125,58.125,61.25,61.25,61.25,61.25,61.25,61.25,61.25,61.25,67.5,67.5,67.5,67.5,67.5,67.5,67.5,67.5,70,70,72.5,72.5,72.5,72.5,72.5,72.5,69.375,69.375,69.375,69.375,69.375,69.375,75.625
Kenya,KEN,Women Business and the Law Index Score (scale 1-100),SG.LAW.INDX,,,,,,,,,,,46.25,49.375,49.375,51.875,51.875,51.875,51.875,51.875,51.875,51.875,51.875,51.875,51.875,51.875,51.875,51.875,51.875,51.875,51.875,51.875,51.875,51.875,51.875,51.875,51.875,51.875,51.875,51.875,51.875,51.875,51.875,51.875,51.875,51.875,51.875,51.875,51.875,58.125,75.625,75.625,75.625,75.625,75.625,75.625,78.125,78.125,80.625,80.625,80.625,80.625,80.625,80.625,80.625
Kyrgyz Republic,KGZ,Women Business and the Law Index Score (scale 1-100),SG.LAW.INDX,,,,,,,,,,,55.625,52.5,55,55,55,55,55,55,55,55,55,55,55,55,55,55,55,55,55,55,55,55,55,55,55,55,55,55,61.25,61.25,61.25,61.25,61.25,70,70,76.25,76.25,73.75,73.75,76.875,76.875,76.875,76.875,76.875,76.875,76.875,76.875,76.875,76.875,76.875,76.875,76.875,76.875
Cambodia,KHM,Women Business and the Law Index Score (scale 1-100),SG.LAW.INDX,,,,,,,,,,,51.875,51.875,51.875,51.875,51.875,51.875,51.875,51.875,51.875,51.875,51.875,51.875,51.875,51.875,51.875,51.875,51.875,51.875,51.875,51.875,54.375,54.375,54.375,54.375,56.875,56.875,56.875,66.25,66.25,66.25,66.25,66.25,66.25,66.25,66.25,66.25,68.75,68.75,68.75,68.75,75,75,75,75,75,75,75,75,75,75,75,81.25,81.25
Kiribati,KIR,Women Business and the Law Index Score (scale 1-100),SG.LAW.INDX,,,,,,,,,,,46.25,46.25,46.25,46.25,46.25,46.25,46.25,46.25,52.5,52.5,52.5,52.5,52.5,52.5,52.5,52.5,52.5,52.5,52.5,52.5,52.5,52.5,52.5,52.5,52.5,52.5,52.5,52.5,52.5,52.5,52.5,52.5,52.5,52.5,52.5,52.5,52.5,52.5,58.75,58.75,58.75,58.75,58.75,58.75,58.75,61.25,76.25,76.25,76.25,76.25,76.25,76.25,76.25
St. Kitts and Nevis,KNA,Women Business and the Law Index Score (scale 1-100),SG.LAW.INDX,,,,,,,,,,,58.125,58.125,58.125,60.625,60.625,60.625,60.625,60.625,63.75,66.25,66.25,66.25,66.25,66.25,66.25,66.25,66.25,68.75,68.75,68.75,68.75,68.75,68.75,68.75,68.75,68.75,68.75,68.75,68.75,68.75,71.25,71.25,71.25,71.25,71.25,71.25,71.25,71.25,71.25,71.25,71.25,71.25,71.25,71.25,71.25,71.25,71.25,71.25,71.25,71.25,71.25,71.25,71.25
"Korea, Rep.",KOR,Women Business and the Law Index Score (scale 1-100),SG.LAW.INDX,,,,,,,,,,,38.125,38.125,38.125,38.125,44.375,44.375,44.375,44.375,44.375,44.375,44.375,44.375,44.375,44.375,44.375,44.375,44.375,44.375,46.875,46.875,57.5,57.5,57.5,57.5,57.5,57.5,57.5,60.625,63.125,66.25,66.25,66.25,71.25,71.25,71.25,76.25,79.375,79.375,85,85,85,85,85,85,85,85,85,85,85,85,85,85,85
Kuwait,KWT,Women Business and the Law Index Score (scale 1-100),SG.LAW.INDX,,,,,,,,,,,23.125,23.125,23.125,23.125,23.125,23.125,23.125,26.25,26.25,26.25,26.25,26.25,26.25,26.25,26.25,26.25,26.25,26.25,26.25,26.25,26.25,26.25,26.25,26.25,26.25,26.25,26.25,26.25,26.25,26.25,26.25,26.25,26.25,26.25,26.25,26.25,26.25,26.25,26.25,26.25,29.375,29.375,29.375,29.375,29.375,29.375,29.375,29.375,29.375,26.25,28.75,35,35
Latin America & Caribbean (excluding high income),LAC,Women Business and the Law Index Score (scale 1-100),SG.LAW.INDX,,,,,,,,,,,,,,,,,,,,,,,,,,,,,,,,,,,,,,,,,,,,,,,,,,,,,,,,,,,,,,,
Lao PDR,LAO,Women Business and the Law Index Score (scale 1-100),SG.LAW.INDX,,,,,,,,,,,34.375,36.875,36.875,36.875,36.875,36.875,40,40,40,40,40,40,40,40,40,40,42.5,42.5,42.5,42.5,42.5,53.125,53.125,53.125,58.75,58.75,58.75,58.75,58.75,58.75,68.125,68.125,68.125,68.125,68.125,70.625,73.75,83.125,83.125,83.125,83.125,83.125,83.125,83.125,88.125,88.125,88.125,88.125,88.125,88.125,88.125,88.125,88.125
Lebanon,LBN,Women Business and the Law Index Score (scale 1-100),SG.LAW.INDX,,,,,,,,,,,44.375,44.375,44.375,44.375,44.375,44.375,44.375,44.375,44.375,44.375,44.375,44.375,44.375,44.375,44.375,44.375,44.375,44.375,44.375,44.375,44.375,44.375,44.375,44.375,44.375,44.375,44.375,44.375,44.375,44.375,50,50,50,50,50,50,50,50,50,50,50,50,50,50,50,52.5,52.5,52.5,52.5,52.5,52.5,58.75,58.75
Liberia,LBR,Women Business and the Law Index Score (scale 1-100),SG.LAW.INDX,,,,,,,,,,,43.75,43.75,43.75,63.75,63.75,63.75,63.75,63.75,63.75,63.75,63.75,63.75,63.75,63.75,63.75,63.75,63.75,63.75,63.75,63.75,63.75,63.75,63.75,63.75,63.75,63.75,63.75,63.75,63.75,63.75,63.75,63.75,63.75,63.75,63.75,63.75,63.75,63.75,63.75,63.75,63.75,63.75,63.75,63.75,63.75,63.75,78.75,78.75,81.25,81.25,81.25,81.25,81.25
Libya,LBY,Women Business and the Law Index Score (scale 1-100),SG.LAW.INDX,,,,,,,,,,,36.25,36.25,36.25,36.25,36.25,36.25,36.25,36.25,36.25,36.25,36.25,36.25,36.25,36.25,38.75,38.75,38.75,38.75,38.75,38.75,38.75,38.75,38.75,38.75,38.75,38.75,38.75,38.75,38.75,38.75,38.75,38.75,38.75,38.75,38.75,38.75,38.75,38.75,38.75,38.75,50,50,50,50,50,50,50,50,50,50,50,50,50
St. Lucia,LCA,Women Business and the Law Index Score (scale 1-100),SG.LAW.INDX,,,,,,,,,,,43.75,50,50,50,50,50,50,50,50,50,52.5,52.5,52.5,52.5,52.5,52.5,52.5,52.5,52.5,52.5,63.125,63.125,63.125,63.125,63.125,65.625,65.625,65.625,65.625,65.625,80.625,80.625,80.625,80.625,80.625,80.625,80.625,83.75,83.75,83.75,83.75,83.75,83.75,83.75,83.75,83.75,83.75,83.75,83.75,83.75,83.75,83.75,83.75
Latin America & Caribbean,LCN,Women Business and the Law Index Score (scale 1-100),SG.LAW.INDX,,,,,,,,,,,47.51893939,48.23863636,48.80681818,50.03787879,50.45454545,51.04166667,51.59090909,51.98863636,52.15909091,52.78409091,53.10606061,54.43181818,54.48863636,55.71969697,56.09848485,56.68560606,56.85606061,56.93181818,58.04924242,58.65530303,60.3219697,60.75757576,61.53409091,62.36742424,63.65530303,64.46969697,65.11363636,66.85606061,67.57575758,68.54166667,69.6969697,70.39772727,71.78030303,72.23484848,72.55681818,72.74621212,73.4280303,73.95833333,74.81060606,75.41666667,75.68181818,75.68181818,76.00378788,76.91287879,77.34848485,78.29545455,78.67424242,78.99621212,79.375,79.73484848,80.3219697,80.49242424,80.85227273
Least developed countries: UN classification,LDC,Women Business and the Law Index Score (scale 1-100),SG.LAW.INDX,,,,,,,,,,,,,,,,,,,,,,,,,,,,,,,,,,,,,,,,,,,,,,,,,,,,,,,,,,,,,,,
Low income,LIC,Women Business and the Law Index Score (scale 1-100),SG.LAW.INDX,,,,,,,,,,,37.24537037,37.24537037,37.33796296,38.93518519,38.93518519,38.93518519,39.12037037,39.12037037,39.69907407,39.69907407,40.41666667,40.41666667,40.41666667,40.50925926,40.50925926,40.50925926,41.04166667,41.15740741,41.43518519,41.62037037,42.59259259,42.70833333,43.19444444,44.18981481,44.49074074,44.60648148,44.60648148,45.43981481,45.94907407,46.06481481,46.89814815,47.61574074,48.40277778,49.02777778,49.25925926,50.78703704,51.36574074,53.05555556,54.60648148,56.34259259,56.73611111,57.36111111,58.21759259,58.33333333,59.21296296,59.39814815,61.11111111,62.5462963,64.00462963,65.27777778,65.87962963,66.11111111,66.27314815
Liechtenstein,LIE,Women Business and the Law Index Score (scale 1-100),SG.LAW.INDX,,,,,,,,,,,,,,,,,,,,,,,,,,,,,,,,,,,,,,,,,,,,,,,,,,,,,,,,,,,,,,,
Sri Lanka,LKA,Women Business and the Law Index Score (scale 1-100),SG.LAW.INDX,,,,,,,,,,,56.875,56.875,56.875,56.875,56.875,56.875,56.875,56.875,56.875,56.875,56.875,56.875,56.875,56.875,56.875,56.875,56.875,56.875,56.875,56.875,56.875,56.875,56.875,56.875,56.875,56.875,63.125,63.125,63.125,63.125,63.125,63.125,63.125,63.125,63.125,63.125,65.625,65.625,65.625,65.625,65.625,65.625,65.625,65.625,65.625,65.625,65.625,65.625,65.625,65.625,65.625,65.625,65.625
Lower middle income,LMC,Women Business and the Law Index Score (scale 1-100),SG.LAW.INDX,,,,,,,,,,,42.34953704,42.38425926,42.84722222,43.7037037,44.51388889,44.56018519,44.79166667,45.02314815,45.68287037,45.78703704,45.84490741,46.15740741,46.63194444,47.36111111,47.73148148,47.78935185,47.93981481,47.88194444,48.84259259,48.90046296,49.22453704,49.58333333,49.96527778,50.27777778,51.18055556,51.85185185,52.34953704,53.11342593,53.77314815,54.1087963,54.61805556,54.7337963,55.10416667,55.49768519,56.73611111,58.10185185,58.96990741,60.10416667,61.11111111,61.58564815,61.86342593,62.21064815,63.14814815,64.90740741,65.15046296,66.33101852,67.11805556,67.59259259,68.40277778,68.92361111,69.25925926,69.98842593,70.81018519
Low & middle income,LMY,Women Business and the Law Index Score (scale 1-100),SG.LAW.INDX,,,,,,,,,,,,,,,,,,,,,,,,,,,,,,,,,,,,,,,,,,,,,,,,,,,,,,,,,,,,,,,
Lesotho,LSO,Women Business and the Law Index Score (scale 1-100),SG.LAW.INDX,,,,,,,,,,,28.75,28.75,28.75,28.75,28.75,28.75,28.75,28.75,28.75,28.75,28.75,28.75,28.75,28.75,28.75,28.75,28.75,28.75,28.75,28.75,28.75,28.75,31.25,43.125,43.125,43.125,43.125,43.125,43.125,43.125,43.125,43.125,43.125,43.125,43.125,52.5,67.5,75.625,75.625,75.625,75.625,78.125,78.125,78.125,78.125,78.125,78.125,78.125,78.125,78.125,78.125,78.125,78.125
Late-demographic dividend,LTE,Women Business and the Law Index Score (scale 1-100),SG.LAW.INDX,,,,,,,,,,,,,,,,,,,,,,,,,,,,,,,,,,,,,,,,,,,,,,,,,,,,,,,,,,,,,,,
Lithuania,LTU,Women Business and the Law Index Score (scale 1-100),SG.LAW.INDX,,,,,,,,,,,55.625,52.5,58.125,61.25,61.25,61.25,61.25,61.25,61.25,61.25,61.25,61.25,61.25,61.25,61.25,61.25,61.25,61.25,61.25,61.25,61.25,61.25,61.25,61.25,61.25,67.5,67.5,67.5,67.5,73.75,73.75,79.375,79.375,91.875,88.75,88.75,88.75,91.25,91.25,91.25,91.25,91.25,93.75,93.75,93.75,93.75,93.75,93.75,93.75,93.75,93.75,93.75,93.75
Luxembourg,LUX,Women Business and the Law Index Score (scale 1-100),SG.LAW.INDX,,,,,,,,,,,40,40,40,60.625,63.125,66.25,71.25,71.25,71.25,71.25,71.25,71.25,74.375,74.375,74.375,74.375,74.375,74.375,74.375,74.375,74.375,74.375,74.375,74.375,74.375,74.375,74.375,74.375,74.375,76.875,83.125,86.25,86.25,86.25,88.75,88.75,88.75,91.875,95,95,95,97.5,97.5,97.5,97.5,100,100,100,100,100,100,100,100
Latvia,LVA,Women Business and the Law Index Score (scale 1-100),SG.LAW.INDX,,,,,,,,,,,53.125,52.5,55,55,55,55,55,55,55,55,55,55,55,55,55,55,55,55,55,55,55,55,55,55,55,55,67.5,67.5,67.5,67.5,67.5,67.5,83.125,88.125,94.375,94.375,94.375,94.375,97.5,97.5,97.5,97.5,97.5,97.5,97.5,100,100,100,100,100,100,100,100
"Macao SAR, China",MAC,Women Business and the Law Index Score (scale 1-100),SG.LAW.INDX,,,,,,,,,,,,,,,,,,,,,,,,,,,,,,,,,,,,,,,,,,,,,,,,,,,,,,,,,,,,,,,
St. Martin (French part),MAF,Women Business and the Law Index Score (scale 1-100),SG.LAW.INDX,,,,,,,,,,,,,,,,,,,,,,,,,,,,,,,,,,,,,,,,,,,,,,,,,,,,,,,,,,,,,,,
Morocco,MAR,Women Business and the Law Index Score (scale 1-100),SG.LAW.INDX,,,,,,,,,,,38.125,38.125,38.125,38.125,38.125,38.125,38.125,38.125,38.125,38.125,38.125,38.125,38.125,38.125,38.125,38.125,38.125,38.125,38.125,38.125,38.125,38.125,38.125,38.125,41.25,41.25,44.375,44.375,44.375,44.375,44.375,44.375,44.375,44.375,70.625,73.125,73.125,73.125,73.125,73.125,73.125,73.125,73.125,73.125,73.125,73.125,73.125,73.125,75.625,75.625,75.625,75.625,75.625
Monaco,MCO,Women Business and the Law Index Score (scale 1-100),SG.LAW.INDX,,,,,,,,,,,,,,,,,,,,,,,,,,,,,,,,,,,,,,,,,,,,,,,,,,,,,,,,,,,,,,,
Moldova,MDA,Women Business and the Law Index Score (scale 1-100),SG.LAW.INDX,,,,,,,,,,,55.625,55,55,55,55,55,55,55,55,55,55,55,55,55,55,55,55,55,55,55,55,57.5,57.5,57.5,57.5,57.5,57.5,60.625,60.625,63.75,63.75,63.75,63.75,70,70,70,76.25,76.25,78.75,78.75,78.75,81.875,81.875,81.875,81.875,81.875,81.875,84.375,87.5,87.5,87.5,87.5,87.5
Madagascar,MDG,Women Business and the Law Index Score (scale 1-100),SG.LAW.INDX,,,,,,,,,,,37.5,37.5,37.5,37.5,37.5,37.5,40,40,40,40,40,40,40,40,40,40,40,40,40,40,40,40,40,40,40,43.125,43.125,43.125,43.125,43.125,43.125,49.375,49.375,49.375,49.375,55.625,55.625,55.625,60.625,60.625,60.625,60.625,60.625,60.625,66.875,66.875,66.875,66.875,66.875,66.875,69.375,69.375,69.375
Maldives,MDV,Women Business and the Law Index Score (scale 1-100),SG.LAW.INDX,,,,,,,,,,,44.375,44.375,44.375,44.375,44.375,44.375,44.375,44.375,44.375,44.375,44.375,44.375,44.375,44.375,44.375,44.375,44.375,44.375,44.375,44.375,44.375,44.375,44.375,44.375,44.375,44.375,44.375,44.375,44.375,44.375,44.375,44.375,44.375,44.375,44.375,44.375,44.375,44.375,53.125,61.875,61.875,61.875,64.375,64.375,70.625,70.625,70.625,73.75,73.75,73.75,73.75,73.75,73.75
Middle East & North Africa,MEA,Women Business and the Law Index Score (scale 1-100),SG.LAW.INDX,,,,,,,,,,,30.92261905,30.92261905,30.92261905,30.92261905,31.93452381,32.05357143,32.05357143,32.4702381,32.4702381,32.58928571,32.73809524,33.00595238,33.00595238,33.1547619,33.39285714,33.39285714,33.27380952,33.125,33.57142857,33.57142857,34.13690476,34.10714286,34.25595238,34.25595238,35.14880952,35.29761905,35.74404762,35.5952381,35.89285714,36.33928571,37.02380952,37.17261905,37.29166667,38.00595238,39.4047619,40.20833333,40.86309524,41.13095238,41.63690476,41.78571429,42.88690476,43.03571429,43.27380952,43.42261905,44.10714286,44.52380952,45.89285714,45.89285714,47.11309524,50.50595238,52.91666667,54.49404762,54.49404762
Mexico,MEX,Women Business and the Law Index Score (scale 1-100),SG.LAW.INDX,,,,,,,,,,,55,55,55,55,55,58.125,58.125,58.125,58.125,58.125,58.125,58.125,58.125,58.125,61.25,61.25,61.25,61.25,61.25,61.25,61.25,67.5,67.5,67.5,67.5,67.5,67.5,67.5,67.5,67.5,72.5,72.5,72.5,72.5,72.5,72.5,72.5,75,75,77.5,77.5,77.5,77.5,85.625,88.75,88.75,88.75,88.75,88.75,88.75,88.75,88.75,88.75
Marshall Islands,MHL,Women Business and the Law Index Score (scale 1-100),SG.LAW.INDX,,,,,,,,,,,53.75,53.75,53.75,53.75,53.75,53.75,53.75,53.75,53.75,53.75,53.75,53.75,53.75,53.75,53.75,53.75,53.75,53.75,53.75,53.75,53.75,53.75,53.75,53.75,53.75,53.75,53.75,53.75,53.75,53.75,53.75,53.75,53.75,53.75,53.75,53.75,53.75,53.75,53.75,53.75,53.75,53.75,56.25,56.25,56.25,56.25,56.25,56.25,56.25,56.25,65.625,65.625,65.625
Middle income,MIC,Women Business and the Law Index Score (scale 1-100),SG.LAW.INDX,,,,,,,,,,,,,,,,,,,,,,,,,,,,,,,,,,,,,,,,,,,,,,,,,,,,,,,,,,,,,,,
North Macedonia,MKD,Women Business and the Law Index Score (scale 1-100),SG.LAW.INDX,,,,,,,,,,,61.875,61.875,61.875,61.875,61.875,61.875,61.875,61.875,61.875,61.875,61.875,61.875,61.875,61.875,61.875,61.875,61.875,61.875,61.875,61.875,61.875,61.875,61.875,61.875,65,65,65,65,65,65,65,65,65,68.125,68.125,68.125,76.875,76.875,76.875,79.375,82.5,82.5,82.5,82.5,82.5,85,85,85,85,85,85,85,85
Mali,MLI,Women Business and the Law Index Score (scale 1-100),SG.LAW.INDX,,,,,,,,,,,41.25,41.25,41.25,41.25,41.25,41.25,41.25,41.25,41.25,41.25,41.25,41.25,41.25,41.25,41.25,41.25,41.25,41.25,41.25,41.25,41.25,41.25,41.25,46.25,46.25,46.25,46.25,46.25,46.25,46.25,49.375,49.375,49.375,49.375,49.375,49.375,49.375,49.375,49.375,49.375,49.375,49.375,54.375,54.375,54.375,54.375,54.375,54.375,63.75,63.75,63.75,63.75,63.75
Malta,MLT,Women Business and the Law Index Score (scale 1-100),SG.LAW.INDX,,,,,,,,,,,35,35,35,35,44.375,44.375,44.375,44.375,44.375,44.375,44.375,50,50,50,50,50,50,46.875,46.875,46.875,46.875,46.875,46.875,46.875,57.5,57.5,57.5,57.5,57.5,57.5,60,60,63.125,66.25,72.5,72.5,75,75,77.5,77.5,77.5,77.5,82.5,82.5,88.75,88.75,88.75,88.75,88.75,88.75,88.75,88.75,91.25
Myanmar,MMR,Women Business and the Law Index Score (scale 1-100),SG.LAW.INDX,,,,,,,,,,,53.75,53.75,53.75,53.75,53.75,53.75,53.75,53.75,53.75,53.75,53.75,53.75,53.75,53.75,53.75,53.75,53.75,53.75,53.75,53.75,53.75,53.75,53.75,53.75,53.75,53.75,53.75,53.75,53.75,53.75,53.75,53.75,53.75,53.75,53.75,53.75,53.75,53.75,53.75,53.75,53.75,53.75,53.75,58.75,58.75,58.75,58.75,58.75,58.75,58.75,58.75,58.75,58.75
Middle East & North Africa (excluding high income),MNA,Women Business and the Law Index Score (scale 1-100),SG.LAW.INDX,,,,,,,,,,,,,,,,,,,,,,,,,,,,,,,,,,,,,,,,,,,,,,,,,,,,,,,,,,,,,,,
Montenegro,MNE,Women Business and the Law Index Score (scale 1-100),SG.LAW.INDX,,,,,,,,,,,58.125,58.125,58.125,58.125,58.125,58.125,58.125,58.125,58.125,58.125,58.125,58.125,58.125,58.125,58.125,58.125,58.125,58.125,58.125,58.125,58.125,61.25,61.25,61.25,61.25,61.25,61.25,61.25,61.25,61.25,61.25,61.25,61.25,64.375,67.5,67.5,67.5,67.5,70.625,70.625,70.625,73.125,75.625,78.75,78.75,78.75,78.75,78.75,78.75,78.75,85,85,85
Mongolia,MNG,Women Business and the Law Index Score (scale 1-100),SG.LAW.INDX,,,,,,,,,,,61.875,61.875,61.875,61.875,61.875,61.875,61.875,61.875,61.875,61.875,61.875,61.875,61.875,61.875,61.875,61.875,61.875,61.875,61.875,61.875,61.875,67.5,67.5,67.5,67.5,67.5,67.5,67.5,67.5,67.5,67.5,67.5,67.5,67.5,67.5,67.5,67.5,67.5,67.5,70.625,70.625,80,80,80,80,80,80,82.5,85,85,85,85,90.625
Northern Mariana Islands,MNP,Women Business and the Law Index Score (scale 1-100),SG.LAW.INDX,,,,,,,,,,,,,,,,,,,,,,,,,,,,,,,,,,,,,,,,,,,,,,,,,,,,,,,,,,,,,,,
Mozambique,MOZ,Women Business and the Law Index Score (scale 1-100),SG.LAW.INDX,,,,,,,,,,,33.75,33.75,33.75,33.75,33.75,33.75,33.75,33.75,33.75,33.75,33.75,33.75,33.75,33.75,33.75,33.75,36.25,36.25,36.25,36.25,36.25,36.25,36.25,36.25,36.25,36.25,36.25,36.25,36.25,36.25,36.25,36.25,36.25,36.25,36.25,59.375,59.375,59.375,76.875,76.875,79.375,79.375,79.375,79.375,79.375,79.375,79.375,79.375,82.5,82.5,82.5,82.5,82.5
Mauritania,MRT,Women Business and the Law Index Score (scale 1-100),SG.LAW.INDX,,,,,,,,,,,39.375,39.375,39.375,39.375,41.875,41.875,41.875,41.875,41.875,41.875,41.875,41.875,41.875,41.875,41.875,41.875,41.875,41.875,41.875,41.875,41.875,41.875,41.875,41.875,41.875,41.875,41.875,41.875,41.875,41.875,41.875,41.875,41.875,41.875,41.875,41.875,41.875,41.875,41.875,41.875,41.875,41.875,41.875,41.875,41.875,48.125,48.125,48.125,48.125,48.125,48.125,48.125,48.125
Mauritius,MUS,Women Business and the Law Index Score (scale 1-100),SG.LAW.INDX,,,,,,,,,,,43.75,43.75,43.75,43.75,43.75,43.75,43.75,50,50,50,55,60.625,60.625,60.625,60.625,60.625,60.625,60.625,60.625,60.625,60.625,60.625,60.625,60.625,60.625,60.625,60.625,60.625,63.125,69.375,69.375,69.375,69.375,69.375,69.375,69.375,69.375,69.375,69.375,83.75,83.75,83.75,83.75,86.875,86.875,86.875,89.375,89.375,89.375,89.375,89.375,89.375,89.375
Malawi,MWI,Women Business and the Law Index Score (scale 1-100),SG.LAW.INDX,,,,,,,,,,,42.5,42.5,42.5,42.5,42.5,42.5,42.5,42.5,42.5,42.5,42.5,42.5,42.5,42.5,42.5,42.5,42.5,42.5,42.5,42.5,42.5,42.5,42.5,42.5,45,45,45,45,45,45,56.875,56.875,56.875,56.875,56.875,60,60,62.5,62.5,62.5,62.5,62.5,68.75,75,75,77.5,77.5,77.5,77.5,77.5,77.5,77.5,80
Malaysia,MYS,Women Business and the Law Index Score (scale 1-100),SG.LAW.INDX,,,,,,,,,,,41.875,41.875,41.875,41.875,41.875,41.875,41.875,41.875,41.875,41.875,41.875,41.875,41.875,41.875,41.875,44.375,44.375,44.375,44.375,44.375,44.375,44.375,44.375,44.375,44.375,46.875,46.875,46.875,46.875,46.875,46.875,46.875,46.875,46.875,46.875,46.875,46.875,46.875,46.875,46.875,46.875,46.875,50,50,50,50,50,50,50,50,50,50,50
North America,NAC,Women Business and the Law Index Score (scale 1-100),SG.LAW.INDX,,,,,,,,,,,65.3125,65.3125,67.8125,67.8125,67.8125,70.625,70.625,72.1875,75.3125,76.5625,76.5625,80.9375,80.9375,80.9375,80.9375,83.75,83.75,85.3125,85.3125,85.3125,88.125,89.375,89.375,89.375,90.625,90.625,90.625,90.625,90.625,90.625,90.625,90.625,90.625,90.625,90.625,90.625,90.625,90.625,90.625,90.625,90.625,90.625,90.625,90.625,90.625,90.625,90.625,90.625,94.375,95.625,95.625,95.625,95.625
Namibia,NAM,Women Business and the Law Index Score (scale 1-100),SG.LAW.INDX,,,,,,,,,,,33.75,33.75,33.75,33.75,33.75,33.75,33.75,33.75,33.75,33.75,33.75,33.75,33.75,33.75,33.75,33.75,33.75,33.75,33.75,33.75,33.75,33.75,45.625,45.625,45.625,48.125,71.25,71.25,71.25,71.25,71.25,71.25,71.25,71.25,73.75,73.75,73.75,73.75,86.25,86.25,86.25,86.25,86.25,86.25,86.25,86.25,86.25,86.25,86.25,86.25,86.25,86.25,86.25
New Caledonia,NCL,Women Business and the Law Index Score (scale 1-100),SG.LAW.INDX,,,,,,,,,,,,,,,,,,,,,,,,,,,,,,,,,,,,,,,,,,,,,,,,,,,,,,,,,,,,,,,
Niger,NER,Women Business and the Law Index Score (scale 1-100),SG.LAW.INDX,,,,,,,,,,,36.25,36.25,36.25,38.75,38.75,38.75,38.75,38.75,38.75,38.75,38.75,38.75,38.75,38.75,38.75,38.75,38.75,38.75,38.75,38.75,38.75,38.75,38.75,38.75,38.75,38.75,38.75,47.5,47.5,47.5,47.5,47.5,47.5,47.5,53.75,53.75,53.75,53.75,53.75,53.75,53.75,53.75,53.75,53.75,53.75,53.75,53.75,53.75,56.875,56.875,56.875,56.875,56.875
Nigeria,NGA,Women Business and the Law Index Score (scale 1-100),SG.LAW.INDX,,,,,,,,,,,49.375,49.375,54.375,54.375,54.375,54.375,54.375,54.375,54.375,54.375,54.375,54.375,54.375,54.375,54.375,54.375,54.375,54.375,54.375,54.375,54.375,54.375,54.375,54.375,54.375,54.375,54.375,54.375,54.375,54.375,54.375,54.375,54.375,54.375,54.375,54.375,54.375,56.875,56.875,56.875,56.875,56.875,63.125,63.125,63.125,63.125,63.125,63.125,63.125,63.125,63.125,66.25,66.25
Nicaragua,NIC,Women Business and the Law Index Score (scale 1-100),SG.LAW.INDX,,,,,,,,,,,58.75,58.75,58.75,58.75,58.75,58.75,58.75,58.75,58.75,58.75,58.75,58.75,55.625,55.625,55.625,55.625,55.625,55.625,60.625,60.625,60.625,60.625,60.625,60.625,60.625,60.625,60.625,63.75,63.75,63.75,63.75,63.75,63.75,63.75,63.75,63.75,63.75,63.75,72.5,72.5,72.5,72.5,72.5,72.5,75.625,86.25,86.25,86.25,86.25,86.25,86.25,86.25,86.25
Netherlands,NLD,Women Business and the Law Index Score (scale 1-100),SG.LAW.INDX,,,,,,,,,,,65.625,65.625,65.625,65.625,65.625,68.75,68.75,68.75,68.75,68.75,71.875,71.875,71.875,71.875,71.875,71.875,75,75,75,78.125,83.125,83.125,83.125,83.125,86.25,86.25,86.25,86.25,86.25,89.375,89.375,89.375,89.375,89.375,89.375,89.375,89.375,92.5,92.5,95,95,95,95,95,95,97.5,97.5,97.5,97.5,97.5,97.5,97.5,100
Norway,NOR,Women Business and the Law Index Score (scale 1-100),SG.LAW.INDX,,,,,,,,,,,63.75,63.75,63.75,63.75,63.75,63.75,63.75,73.75,73.75,80,80,80,80,80,80,80,80,80,80,80,80,80,85.625,88.125,88.125,88.125,88.125,88.125,88.125,88.125,88.125,88.125,88.125,94.375,94.375,94.375,94.375,94.375,94.375,96.875,96.875,96.875,96.875,96.875,96.875,96.875,96.875,96.875,96.875,96.875,96.875,96.875,96.875
Nepal,NPL,Women Business and the Law Index Score (scale 1-100),SG.LAW.INDX,,,,,,,,,,,39.375,39.375,39.375,39.375,39.375,39.375,39.375,39.375,39.375,39.375,39.375,39.375,39.375,39.375,39.375,39.375,39.375,39.375,39.375,39.375,39.375,39.375,39.375,39.375,39.375,39.375,39.375,39.375,39.375,39.375,39.375,39.375,44.375,44.375,44.375,44.375,44.375,46.875,46.875,49.375,49.375,49.375,49.375,49.375,49.375,55.625,55.625,55.625,71.875,80.625,80.625,80.625,80.625
Nauru,NRU,Women Business and the Law Index Score (scale 1-100),SG.LAW.INDX,,,,,,,,,,,,,,,,,,,,,,,,,,,,,,,,,,,,,,,,,,,,,,,,,,,,,,,,,,,,,,,
New Zealand,NZL,Women Business and the Law Index Score (scale 1-100),SG.LAW.INDX,,,,,,,,,,,60.625,60.625,60.625,60.625,60.625,60.625,60.625,66.25,69.375,69.375,69.375,71.875,75,75,75,75,75,81.25,81.25,81.25,81.25,81.25,81.25,81.25,84.375,84.375,86.875,86.875,86.875,86.875,86.875,86.875,89.375,89.375,89.375,89.375,91.875,91.875,91.875,91.875,91.875,91.875,91.875,91.875,91.875,91.875,94.375,94.375,94.375,94.375,97.5,97.5,97.5
OECD members,OED,Women Business and the Law Index Score (scale 1-100),SG.LAW.INDX,,,,,,,,,,,,,,,,,,,,,,,,,,,,,,,,,,,,,,,,,,,,,,,,,,,,,,,,,,,,,,,
Oman,OMN,Women Business and the Law Index Score (scale 1-100),SG.LAW.INDX,,,,,,,,,,,26.25,26.25,26.25,26.25,26.25,26.25,26.25,26.25,26.25,26.25,26.25,26.25,26.25,26.25,26.25,26.25,26.25,26.25,26.25,26.25,26.25,26.25,29.375,29.375,29.375,29.375,29.375,29.375,29.375,29.375,29.375,29.375,29.375,35.625,35.625,35.625,35.625,35.625,35.625,35.625,35.625,35.625,35.625,35.625,35.625,35.625,35.625,35.625,35.625,35.625,35.625,38.75,38.75
Other small states,OSS,Women Business and the Law Index Score (scale 1-100),SG.LAW.INDX,,,,,,,,,,,,,,,,,,,,,,,,,,,,,,,,,,,,,,,,,,,,,,,,,,,,,,,,,,,,,,,
Pakistan,PAK,Women Business and the Law Index Score (scale 1-100),SG.LAW.INDX,,,,,,,,,,,38.125,38.125,38.125,38.125,38.125,38.125,44.375,44.375,44.375,44.375,44.375,44.375,44.375,44.375,44.375,41.25,41.25,38.125,38.125,38.125,38.125,38.125,38.125,38.125,38.125,38.125,38.125,38.125,38.125,38.125,38.125,38.125,38.125,38.125,38.125,38.125,38.125,38.125,38.125,38.125,44.375,44.375,44.375,46.875,46.875,46.875,46.875,50,52.5,52.5,55.625,55.625,58.75
Panama,PAN,Women Business and the Law Index Score (scale 1-100),SG.LAW.INDX,,,,,,,,,,,47.5,47.5,47.5,47.5,47.5,47.5,47.5,47.5,47.5,47.5,47.5,47.5,47.5,47.5,47.5,47.5,47.5,47.5,47.5,47.5,47.5,47.5,47.5,47.5,55.625,65,68.125,68.125,68.125,68.125,68.125,68.125,70.625,70.625,70.625,73.75,73.75,73.75,73.75,73.75,73.75,73.75,73.75,73.75,76.875,76.875,76.875,79.375,79.375,79.375,79.375,79.375,79.375
Peru,PER,Women Business and the Law Index Score (scale 1-100),SG.LAW.INDX,,,,,,,,,,,50,50,50,50,50,50,50,50,50,50,50,50,50,50,50,66.25,66.25,66.25,66.25,66.25,66.25,66.25,63.125,63.125,65.625,65.625,68.75,77.5,77.5,80.625,80.625,80.625,80.625,86.875,86.875,86.875,86.875,90,90,90,92.5,92.5,92.5,92.5,92.5,92.5,95,95,95,95,95,95,95
Philippines,PHL,Women Business and the Law Index Score (scale 1-100),SG.LAW.INDX,,,,,,,,,,,34.375,34.375,34.375,36.875,39.375,39.375,39.375,39.375,39.375,39.375,39.375,39.375,39.375,39.375,39.375,39.375,39.375,39.375,55,58.125,58.125,58.125,61.25,61.25,61.25,67.5,67.5,70,70,70,70,70,70,70,72.5,72.5,72.5,72.5,72.5,72.5,72.5,72.5,78.75,78.75,78.75,78.75,78.75,78.75,78.75,78.75,78.75,78.75,78.75
Palau,PLW,Women Business and the Law Index Score (scale 1-100),SG.LAW.INDX,,,,,,,,,,,53.75,53.75,53.75,53.75,53.75,53.75,53.75,53.75,53.75,53.75,53.75,53.75,53.75,53.75,53.75,53.75,53.75,53.75,53.75,53.75,53.75,53.75,53.75,53.75,53.75,53.75,53.75,53.75,53.75,53.75,53.75,53.75,53.75,53.75,53.75,53.75,53.75,53.75,53.75,53.75,53.75,53.75,53.75,56.25,56.25,56.25,56.25,56.25,56.25,56.25,56.25,56.25,56.25
Papua New Guinea,PNG,Women Business and the Law Index Score (scale 1-100),SG.LAW.INDX,,,,,,,,,,,48.125,48.125,48.125,48.125,48.125,48.125,48.125,48.125,48.125,51.25,51.25,57.5,57.5,57.5,57.5,57.5,57.5,57.5,57.5,57.5,57.5,57.5,57.5,57.5,57.5,57.5,57.5,57.5,57.5,57.5,57.5,57.5,57.5,57.5,57.5,57.5,57.5,57.5,57.5,57.5,57.5,57.5,57.5,57.5,60,60,60,60,60,60,60,60,60
Poland,POL,Women Business and the Law Index Score (scale 1-100),SG.LAW.INDX,,,,,,,,,,,62.5,62.5,62.5,65,65,64.375,64.375,64.375,64.375,64.375,64.375,64.375,64.375,61.25,61.25,61.25,61.25,61.25,61.25,61.25,61.25,61.25,61.25,61.25,61.25,61.25,61.25,61.25,63.75,66.875,66.875,66.875,66.875,66.875,66.875,66.875,66.875,66.875,70,76.25,78.75,85,85,84.375,84.375,84.375,84.375,93.75,93.75,93.75,93.75,93.75,93.75
Pre-demographic dividend,PRE,Women Business and the Law Index Score (scale 1-100),SG.LAW.INDX,,,,,,,,,,,,,,,,,,,,,,,,,,,,,,,,,,,,,,,,,,,,,,,,,,,,,,,,,,,,,,,
Puerto Rico,PRI,Women Business and the Law Index Score (scale 1-100),SG.LAW.INDX,,,,,,,,,,,58.75,58.75,58.75,58.75,58.75,61.875,61.875,72.5,72.5,72.5,72.5,72.5,72.5,72.5,72.5,72.5,72.5,72.5,78.75,78.75,81.25,81.25,81.25,81.25,81.25,81.25,81.25,81.25,81.25,81.25,81.25,81.25,81.25,81.25,81.25,81.25,81.25,81.25,81.25,81.25,81.25,81.25,81.25,81.25,81.25,81.25,81.25,81.25,81.25,81.25,83.75,83.75,83.75
"Korea, Dem. People's Rep.",PRK,Women Business and the Law Index Score (scale 1-100),SG.LAW.INDX,,,,,,,,,,,,,,,,,,,,,,,,,,,,,,,,,,,,,,,,,,,,,,,,,,,,,,,,,,,,,,,
Portugal,PRT,Women Business and the Law Index Score (scale 1-100),SG.LAW.INDX,,,,,,,,,,,39.375,39.375,39.375,39.375,39.375,39.375,39.375,39.375,62.5,62.5,65.625,65.625,65.625,65.625,65.625,65.625,65.625,65.625,65.625,68.75,68.75,68.75,68.75,68.75,71.875,74.375,76.875,76.875,76.875,76.875,79.375,79.375,79.375,79.375,88.75,91.875,91.875,91.875,95,97.5,97.5,97.5,97.5,97.5,97.5,97.5,97.5,97.5,97.5,97.5,100,100,100
Paraguay,PRY,Women Business and the Law Index Score (scale 1-100),SG.LAW.INDX,,,,,,,,,,,45,45,45,45,45,48.125,48.125,48.125,48.125,48.125,48.125,48.125,48.125,48.125,48.125,48.125,51.25,51.25,51.25,51.25,51.25,51.25,51.25,70.625,80,80,80,80,86.25,89.375,89.375,91.875,91.875,91.875,91.875,91.875,91.875,91.875,91.875,91.875,91.875,91.875,91.875,91.875,91.875,91.875,94.375,94.375,94.375,94.375,94.375,94.375,94.375
West Bank and Gaza,PSE,Women Business and the Law Index Score (scale 1-100),SG.LAW.INDX,,,,,,,,,,,23.125,23.125,23.125,23.125,23.125,23.125,23.125,23.125,23.125,23.125,23.125,23.125,23.125,23.125,23.125,23.125,23.125,23.125,23.125,23.125,23.125,23.125,23.125,23.125,23.125,23.125,23.125,23.125,23.125,23.125,26.25,26.25,26.25,26.25,26.25,26.25,26.25,26.25,26.25,26.25,26.25,26.25,26.25,26.25,26.25,26.25,38.125,38.125,38.125,26.25,26.25,26.25,26.25
Pacific island small states,PSS,Women Business and the Law Index Score (scale 1-100),SG.LAW.INDX,,,,,,,,,,,,,,,,,,,,,,,,,,,,,,,,,,,,,,,,,,,,,,,,,,,,,,,,,,,,,,,
Post-demographic dividend,PST,Women Business and the Law Index Score (scale 1-100),SG.LAW.INDX,,,,,,,,,,,,,,,,,,,,,,,,,,,,,,,,,,,,,,,,,,,,,,,,,,,,,,,,,,,,,,,
French Polynesia,PYF,Women Business and the Law Index Score (scale 1-100),SG.LAW.INDX,,,,,,,,,,,,,,,,,,,,,,,,,,,,,,,,,,,,,,,,,,,,,,,,,,,,,,,,,,,,,,,
Qatar,QAT,Women Business and the Law Index Score (scale 1-100),SG.LAW.INDX,,,,,,,,,,,29.375,29.375,29.375,29.375,29.375,29.375,29.375,29.375,29.375,29.375,29.375,29.375,29.375,29.375,29.375,29.375,29.375,29.375,29.375,29.375,29.375,29.375,29.375,29.375,29.375,29.375,29.375,29.375,29.375,29.375,29.375,29.375,29.375,29.375,29.375,26.25,26.25,29.375,29.375,29.375,29.375,29.375,29.375,29.375,29.375,29.375,29.375,29.375,29.375,29.375,29.375,29.375,29.375
Romania,ROU,Women Business and the Law Index Score (scale 1-100),SG.LAW.INDX,,,,,,,,,,,65,65,68.125,65,65,65,65,65,65,65,65,65,65,65,65,65,65,65,65,65,65,65,65,65,65,65,65,65,65,65,70,70,79.375,87.5,87.5,87.5,87.5,90.625,90.625,90.625,90.625,90.625,90.625,90.625,90.625,90.625,90.625,90.625,90.625,90.625,90.625,90.625,90.625
Russian Federation,RUS,Women Business and the Law Index Score (scale 1-100),SG.LAW.INDX,,,,,,,,,,,55.625,52.5,58.125,58.125,58.125,58.125,58.125,58.125,58.125,58.125,58.125,58.125,58.125,58.125,58.125,58.125,58.125,58.125,58.125,58.125,58.125,61.25,64.375,66.875,66.875,66.875,66.875,66.875,66.875,66.875,66.875,66.875,73.125,73.125,73.125,73.125,73.125,73.125,73.125,73.125,73.125,73.125,73.125,73.125,73.125,73.125,73.125,73.125,73.125,73.125,73.125,73.125,73.125
Rwanda,RWA,Women Business and the Law Index Score (scale 1-100),SG.LAW.INDX,,,,,,,,,,,44.375,44.375,44.375,44.375,44.375,44.375,44.375,44.375,44.375,44.375,44.375,44.375,44.375,44.375,44.375,44.375,44.375,44.375,44.375,44.375,44.375,44.375,44.375,44.375,44.375,44.375,44.375,44.375,44.375,44.375,51.875,51.875,61.25,63.75,63.75,63.75,63.75,63.75,63.75,72.5,72.5,72.5,72.5,72.5,72.5,72.5,72.5,78.125,78.125,81.25,83.75,83.75,83.75
South Asia,SAS,Women Business and the Law Index Score (scale 1-100),SG.LAW.INDX,,,,,,,,,,,43.046875,43.046875,43.046875,43.4375,43.4375,43.4375,44.21875,44.21875,44.21875,44.21875,44.21875,44.21875,44.21875,44.21875,44.21875,43.828125,43.828125,43.4375,43.75,43.75,43.75,43.75,43.75,43.75,43.75,44.375,45.15625,45.15625,45.9375,46.015625,46.015625,46.015625,46.640625,46.640625,46.640625,46.640625,47.265625,50.46875,51.5625,53.359375,54.453125,54.765625,55.078125,55.703125,56.484375,57.265625,58.4375,59.53125,62.265625,63.359375,64.0625,64.0625,63.671875
Saudi Arabia,SAU,Women Business and the Law Index Score (scale 1-100),SG.LAW.INDX,,,,,,,,,,,23.75,23.75,23.75,23.75,23.75,23.75,23.75,23.75,23.75,23.75,23.75,23.75,23.75,23.75,23.75,23.75,23.75,23.75,23.75,23.75,23.75,23.75,23.75,23.75,23.75,23.75,23.75,23.75,23.75,23.75,23.75,23.75,23.75,23.75,23.75,23.75,26.25,26.25,26.25,26.25,26.25,29.375,29.375,29.375,31.875,31.875,31.875,31.875,38.125,70.625,80,80,71.25
Sudan,SDN,Women Business and the Law Index Score (scale 1-100),SG.LAW.INDX,,,,,,,,,,,17.5,17.5,17.5,17.5,17.5,17.5,17.5,17.5,17.5,17.5,17.5,17.5,17.5,17.5,17.5,17.5,17.5,17.5,17.5,17.5,23.75,23.75,23.75,23.75,23.75,23.75,23.75,26.25,26.25,26.25,26.25,26.25,26.25,26.25,26.25,26.25,26.25,26.25,29.375,29.375,29.375,29.375,29.375,29.375,29.375,29.375,29.375,29.375,29.375,29.375,29.375,29.375,29.375
Senegal,SEN,Women Business and the Law Index Score (scale 1-100),SG.LAW.INDX,,,,,,,,,,,35,35,35,38.125,38.125,38.125,38.125,38.125,44.375,44.375,44.375,49.375,49.375,51.875,51.875,51.875,51.875,51.875,51.875,51.875,55,55,55,55,55,55,55,55,55,63.75,63.75,63.75,63.75,63.75,63.75,63.75,63.75,63.75,63.75,63.75,63.75,63.75,63.75,63.75,63.75,63.75,63.75,63.75,63.75,63.75,66.875,66.875,72.5
Singapore,SGP,Women Business and the Law Index Score (scale 1-100),SG.LAW.INDX,,,,,,,,,,,51.875,51.875,51.875,51.875,51.875,51.875,51.875,51.875,51.875,51.875,51.875,51.875,55,55,55,55,55,57.5,57.5,60.625,60.625,60.625,60.625,60.625,60.625,60.625,63.75,66.25,66.25,66.25,66.25,66.25,66.25,66.25,68.75,68.75,68.75,68.75,68.75,71.25,71.25,71.25,71.25,71.25,82.5,82.5,82.5,82.5,82.5,82.5,82.5,82.5,82.5
Solomon Islands,SLB,Women Business and the Law Index Score (scale 1-100),SG.LAW.INDX,,,,,,,,,,,48.125,48.125,48.125,54.375,54.375,54.375,54.375,54.375,54.375,54.375,54.375,54.375,54.375,54.375,54.375,54.375,54.375,54.375,54.375,54.375,54.375,54.375,54.375,54.375,54.375,54.375,54.375,54.375,54.375,54.375,54.375,54.375,54.375,54.375,54.375,54.375,54.375,54.375,54.375,54.375,54.375,54.375,54.375,54.375,54.375,56.875,56.875,56.875,56.875,56.875,56.875,56.875,56.875
Sierra Leone,SLE,Women Business and the Law Index Score (scale 1-100),SG.LAW.INDX,,,,,,,,,,,31.875,31.875,31.875,31.875,31.875,31.875,31.875,31.875,31.875,31.875,31.875,31.875,31.875,31.875,31.875,31.875,31.875,31.875,31.875,31.875,31.875,31.875,31.875,31.875,31.875,31.875,31.875,31.875,31.875,31.875,31.875,31.875,38.125,38.125,38.125,38.125,38.125,38.125,45.625,63.125,63.125,63.125,63.125,63.125,63.125,63.125,63.125,63.125,63.125,63.125,69.375,72.5,72.5
El Salvador,SLV,Women Business and the Law Index Score (scale 1-100),SG.LAW.INDX,,,,,,,,,,,52.5,52.5,52.5,52.5,52.5,52.5,52.5,52.5,52.5,52.5,52.5,52.5,52.5,52.5,52.5,52.5,52.5,52.5,52.5,52.5,52.5,52.5,52.5,52.5,66.25,66.25,66.25,78.125,78.125,78.125,78.125,78.125,78.125,78.125,78.125,78.125,81.25,81.25,83.75,83.75,83.75,83.75,83.75,86.25,86.25,86.25,88.75,88.75,88.75,88.75,88.75,88.75,88.75
San Marino,SMR,Women Business and the Law Index Score (scale 1-100),SG.LAW.INDX,,,,,,,,,,,57.5,57.5,57.5,57.5,57.5,57.5,57.5,57.5,57.5,57.5,57.5,60.625,60.625,60.625,60.625,60.625,77.5,77.5,77.5,77.5,77.5,77.5,77.5,77.5,77.5,77.5,77.5,77.5,77.5,77.5,77.5,77.5,77.5,77.5,77.5,77.5,77.5,77.5,80,80,80,80,80,80,80,80,80,80,80,80,80,80,80
Somalia,SOM,Women Business and the Law Index Score (scale 1-100),SG.LAW.INDX,,,,,,,,,,,32.5,32.5,32.5,46.875,46.875,46.875,46.875,46.875,46.875,46.875,46.875,46.875,46.875,46.875,46.875,46.875,46.875,46.875,46.875,46.875,46.875,46.875,46.875,46.875,46.875,46.875,46.875,46.875,46.875,46.875,46.875,46.875,46.875,46.875,46.875,46.875,46.875,46.875,46.875,46.875,46.875,46.875,46.875,46.875,46.875,46.875,46.875,46.875,46.875,46.875,46.875,46.875,46.875
Serbia,SRB,Women Business and the Law Index Score (scale 1-100),SG.LAW.INDX,,,,,,,,,,,67.5,67.5,67.5,67.5,67.5,67.5,67.5,67.5,67.5,67.5,67.5,67.5,67.5,67.5,67.5,67.5,67.5,67.5,67.5,67.5,67.5,67.5,67.5,67.5,67.5,67.5,67.5,70.625,70.625,70.625,70.625,70.625,78.75,81.875,81.875,88.125,90.625,90.625,90.625,93.75,96.875,96.875,96.875,96.875,96.875,93.75,93.75,93.75,93.75,93.75,93.75,93.75,93.75
Sub-Saharan Africa (excluding high income),SSA,Women Business and the Law Index Score (scale 1-100),SG.LAW.INDX,,,,,,,,,,,,,,,,,,,,,,,,,,,,,,,,,,,,,,,,,,,,,,,,,,,,,,,,,,,,,,,
South Sudan,SSD,Women Business and the Law Index Score (scale 1-100),SG.LAW.INDX,,,,,,,,,,,35,35,35,35,35,35,35,35,35,35,35,35,35,35,35,35,35,35,35,35,41.25,41.25,41.25,41.25,41.25,41.25,41.25,43.75,43.75,43.75,43.75,43.75,43.75,43.75,43.75,43.75,43.75,43.75,46.875,55.625,55.625,55.625,58.75,49.375,49.375,49.375,49.375,49.375,67.5,67.5,67.5,67.5,67.5
Sub-Saharan Africa,SSF,Women Business and the Law Index Score (scale 1-100),SG.LAW.INDX,,,,,,,,,,,38.05989583,38.359375,38.58072917,39.79166667,40.02604167,40.02604167,40.26041667,40.390625,41.328125,41.38020833,41.953125,42.29166667,42.82552083,43.38541667,43.85416667,44.08854167,44.55729167,44.62239583,45.4296875,45.53385417,46.26302083,46.39322917,47.1484375,48.19010417,48.97135417,49.62239583,50.41666667,50.88541667,51.70572917,52.33072917,53.09895833,53.50260417,54.07552083,54.375,55.234375,57.39583333,58.21614583,59.6484375,61.30208333,62.63020833,62.734375,63.19010417,64.140625,65.02604167,65.703125,66.25,67.2265625,68.359375,69.11458333,70.22135417,70.69010417,71.54947917,72.64322917
Small states,SST,Women Business and the Law Index Score (scale 1-100),SG.LAW.INDX,,,,,,,,,,,,,,,,,,,,,,,,,,,,,,,,,,,,,,,,,,,,,,,,,,,,,,,,,,,,,,,
Sao Tome and Principe,STP,Women Business and the Law Index Score (scale 1-100),SG.LAW.INDX,,,,,,,,,,,18.75,18.75,18.75,18.75,18.75,18.75,21.875,21.875,45,47.5,50.625,50.625,50.625,50.625,50.625,50.625,50.625,50.625,50.625,50.625,50.625,50.625,53.75,53.75,53.75,53.75,53.75,53.75,53.75,53.75,53.75,53.75,53.75,53.75,53.75,53.75,53.75,53.75,53.75,56.25,56.25,56.25,56.25,62.5,62.5,68.75,68.75,68.75,68.75,83.125,83.125,83.125,83.125
Suriname,SUR,Women Business and the Law Index Score (scale 1-100),SG.LAW.INDX,,,,,,,,,,,31.25,31.25,31.25,31.25,31.25,31.25,31.25,31.25,31.25,31.25,31.25,60.625,60.625,60.625,63.75,63.75,63.75,63.75,63.75,63.75,63.75,63.75,63.75,63.75,63.75,63.75,63.75,63.75,63.75,63.75,63.75,63.75,63.75,63.75,63.75,63.75,63.75,63.75,63.75,66.25,66.25,66.25,66.25,66.25,66.25,63.125,63.125,63.125,63.125,68.75,73.75,73.75,73.75
Slovak Republic,SVK,Women Business and the Law Index Score (scale 1-100),SG.LAW.INDX,,,,,,,,,,,58.75,58.75,58.75,58.75,58.75,58.75,58.75,58.75,58.75,58.75,58.75,58.75,58.75,58.75,58.75,58.75,58.75,58.75,58.75,58.75,61.25,61.25,61.25,63.75,63.75,63.75,63.75,63.75,63.75,63.75,63.75,63.75,63.75,63.75,76.25,76.25,78.75,78.75,81.875,81.875,91.25,94.375,94.375,94.375,94.375,94.375,94.375,94.375,94.375,94.375,85,85,85
Slovenia,SVN,Women Business and the Law Index Score (scale 1-100),SG.LAW.INDX,,,,,,,,,,,64.375,64.375,64.375,64.375,64.375,64.375,64.375,64.375,64.375,64.375,64.375,64.375,64.375,64.375,64.375,64.375,64.375,64.375,64.375,64.375,64.375,64.375,64.375,64.375,64.375,64.375,64.375,64.375,64.375,64.375,64.375,64.375,82.5,82.5,88.125,88.125,88.125,88.125,90.625,90.625,90.625,90.625,90.625,90.625,90.625,90.625,90.625,90.625,93.75,93.75,96.875,96.875,96.875
Sweden,SWE,Women Business and the Law Index Score (scale 1-100),SG.LAW.INDX,,,,,,,,,,,71.25,71.25,71.25,73.75,73.75,73.75,73.75,73.75,73.75,73.75,79.375,79.375,79.375,79.375,79.375,79.375,79.375,79.375,79.375,81.875,81.875,87.5,87.5,87.5,87.5,87.5,87.5,87.5,87.5,90.625,90.625,90.625,90.625,90.625,90.625,90.625,96.875,96.875,96.875,96.875,96.875,96.875,96.875,100,100,100,100,100,100,100,100,100,100
Eswatini,SWZ,Women Business and the Law Index Score (scale 1-100),SG.LAW.INDX,,,,,,,,,,,26.875,26.875,26.875,26.875,33.125,33.125,33.125,33.125,33.125,33.125,33.125,38.75,38.75,38.75,38.75,38.75,38.75,38.75,38.75,38.75,38.75,38.75,38.75,38.75,38.75,38.75,38.75,38.75,38.75,38.75,38.75,38.75,38.75,38.75,38.75,38.75,38.75,38.75,38.75,38.75,38.75,38.75,43.75,43.75,43.75,43.75,43.75,43.75,43.75,46.25,46.25,46.25,46.25
Sint Maarten (Dutch part),SXM,Women Business and the Law Index Score (scale 1-100),SG.LAW.INDX,,,,,,,,,,,,,,,,,,,,,,,,,,,,,,,,,,,,,,,,,,,,,,,,,,,,,,,,,,,,,,,
Seychelles,SYC,Women Business and the Law Index Score (scale 1-100),SG.LAW.INDX,,,,,,,,,,,51.25,60,60,60,60,60,63.125,63.125,63.125,63.125,63.125,63.125,63.125,63.125,63.125,63.125,63.125,63.125,63.125,63.125,63.125,63.125,63.125,63.125,65.625,71.25,71.25,71.25,71.25,71.25,73.75,73.75,73.75,73.75,73.75,73.75,73.75,73.75,73.75,73.75,73.75,73.75,73.75,73.75,73.75,73.75,76.25,76.25,76.25,76.25,76.25,76.25,76.25
Syrian Arab Republic,SYR,Women Business and the Law Index Score (scale 1-100),SG.LAW.INDX,,,,,,,,,,,26.875,26.875,26.875,26.875,26.875,26.875,26.875,26.875,26.875,26.875,26.875,26.875,26.875,26.875,26.875,26.875,26.875,26.875,26.875,26.875,26.875,26.875,26.875,26.875,26.875,26.875,26.875,26.875,26.875,26.875,26.875,26.875,26.25,26.25,26.25,26.25,26.25,28.75,28.75,28.75,34.375,34.375,34.375,34.375,34.375,34.375,34.375,34.375,34.375,37.5,37.5,40,40
Turks and Caicos Islands,TCA,Women Business and the Law Index Score (scale 1-100),SG.LAW.INDX,,,,,,,,,,,,,,,,,,,,,,,,,,,,,,,,,,,,,,,,,,,,,,,,,,,,,,,,,,,,,,,
Chad,TCD,Women Business and the Law Index Score (scale 1-100),SG.LAW.INDX,,,,,,,,,,,39.375,39.375,39.375,39.375,39.375,39.375,39.375,39.375,48.75,48.75,48.75,48.75,48.75,48.75,48.75,48.75,48.75,48.75,48.75,48.75,48.75,48.75,48.75,48.75,48.75,48.75,48.75,57.5,57.5,57.5,57.5,57.5,57.5,57.5,57.5,57.5,57.5,57.5,57.5,57.5,57.5,57.5,57.5,57.5,57.5,57.5,57.5,66.25,66.25,66.25,66.25,66.25,66.25
East Asia & Pacific (IDA & IBRD countries),TEA,Women Business and the Law Index Score (scale 1-100),SG.LAW.INDX,,,,,,,,,,,,,,,,,,,,,,,,,,,,,,,,,,,,,,,,,,,,,,,,,,,,,,,,,,,,,,,
Europe & Central Asia (IDA & IBRD countries),TEC,Women Business and the Law Index Score (scale 1-100),SG.LAW.INDX,,,,,,,,,,,,,,,,,,,,,,,,,,,,,,,,,,,,,,,,,,,,,,,,,,,,,,,,,,,,,,,
Togo,TGO,Women Business and the Law Index Score (scale 1-100),SG.LAW.INDX,,,,,,,,,,,25.625,25.625,25.625,31.875,31.875,31.875,31.875,31.875,31.875,31.875,51.25,51.25,51.25,51.25,51.25,51.25,51.25,51.25,51.25,51.25,51.25,51.25,51.25,51.25,51.25,51.25,51.25,51.25,51.25,51.25,51.25,51.25,51.25,51.25,51.25,51.25,51.25,69.375,69.375,69.375,69.375,75.625,75.625,81.875,81.875,84.375,84.375,84.375,84.375,84.375,84.375,81.875,81.875
Thailand,THA,Women Business and the Law Index Score (scale 1-100),SG.LAW.INDX,,,,,,,,,,,51.875,51.875,51.875,51.875,51.875,51.875,51.875,51.875,51.875,51.875,51.875,51.875,51.875,51.875,51.875,51.875,51.875,51.875,51.875,51.875,51.875,51.875,51.875,51.875,51.875,51.875,51.875,51.875,57.5,63.75,63.75,63.75,63.75,63.75,63.75,63.75,63.75,63.75,75,75,75,75,75,75,75,75,75,75,75,78.125,78.125,78.125,78.125
Tajikistan,TJK,Women Business and the Law Index Score (scale 1-100),SG.LAW.INDX,,,,,,,,,,,55.625,55.625,58.125,58.125,58.125,58.125,58.125,58.125,58.125,58.125,58.125,58.125,58.125,58.125,58.125,58.125,58.125,58.125,55,55,55,55,58.125,58.125,61.25,61.25,61.25,70,70,70,70,70,70,70,70,73.125,73.125,73.125,73.125,73.125,73.125,73.125,73.125,75.625,75.625,75.625,75.625,78.75,78.75,78.75,78.75,78.75,78.75
Turkmenistan,TKM,Women Business and the Law Index Score (scale 1-100),SG.LAW.INDX,,,,,,,,,,,,,,,,,,,,,,,,,,,,,,,,,,,,,,,,,,,,,,,,,,,,,,,,,,,,,,,
Latin America & the Caribbean (IDA & IBRD countries),TLA,Women Business and the Law Index Score (scale 1-100),SG.LAW.INDX,,,,,,,,,,,,,,,,,,,,,,,,,,,,,,,,,,,,,,,,,,,,,,,,,,,,,,,,,,,,,,,
Timor-Leste,TLS,Women Business and the Law Index Score (scale 1-100),SG.LAW.INDX,,,,,,,,,,,31.875,31.875,31.875,31.875,31.875,31.875,31.875,38.125,38.125,38.125,38.125,38.125,38.125,38.125,38.125,38.125,38.125,38.125,38.125,38.125,38.125,38.125,38.125,38.125,38.125,38.125,38.125,38.125,40.625,40.625,40.625,40.625,50,50,53.125,53.125,53.125,53.125,53.125,53.125,53.125,55.625,80.625,80.625,80.625,80.625,80.625,83.125,86.25,86.25,86.25,86.25,86.25
Middle East & North Africa (IDA & IBRD countries),TMN,Women Business and the Law Index Score (scale 1-100),SG.LAW.INDX,,,,,,,,,,,,,,,,,,,,,,,,,,,,,,,,,,,,,,,,,,,,,,,,,,,,,,,,,,,,,,,
Tonga,TON,Women Business and the Law Index Score (scale 1-100),SG.LAW.INDX,,,,,,,,,,,50,50,50,50,50,50,50,50,50,50,50,50,50,50,50,50,50,50,50,50,50,50,50,50,50,50,50,50,50,50,50,50,50,50,50,50,50,50,50,50,50,56.25,56.25,56.25,58.75,58.75,58.75,58.75,58.75,58.75,58.75,58.75,58.75
South Asia (IDA & IBRD),TSA,Women Business and the Law Index Score (scale 1-100),SG.LAW.INDX,,,,,,,,,,,,,,,,,,,,,,,,,,,,,,,,,,,,,,,,,,,,,,,,,,,,,,,,,,,,,,,
Sub-Saharan Africa (IDA & IBRD countries),TSS,Women Business and the Law Index Score (scale 1-100),SG.LAW.INDX,,,,,,,,,,,,,,,,,,,,,,,,,,,,,,,,,,,,,,,,,,,,,,,,,,,,,,,,,,,,,,,
Trinidad and Tobago,TTO,Women Business and the Law Index Score (scale 1-100),SG.LAW.INDX,,,,,,,,,,,43.125,43.125,52.5,52.5,55,55,55,55,55,55,55,55,57.5,60.625,60.625,60.625,60.625,60.625,60.625,60.625,60.625,60.625,63.125,63.125,63.125,63.125,63.125,63.125,63.125,63.125,63.125,69.375,69.375,69.375,72.5,72.5,72.5,72.5,72.5,72.5,72.5,72.5,72.5,75,75,75,75,75,75,75,75,75,75
Tunisia,TUN,Women Business and the Law Index Score (scale 1-100),SG.LAW.INDX,,,,,,,,,,,43.75,43.75,43.75,43.75,53.125,53.125,53.125,53.125,53.125,53.125,53.125,53.125,53.125,53.125,53.125,53.125,53.125,53.125,53.125,53.125,53.125,53.125,53.125,53.125,55.625,55.625,55.625,55.625,55.625,55.625,55.625,55.625,55.625,55.625,55.625,55.625,55.625,55.625,55.625,55.625,55.625,55.625,55.625,55.625,55.625,55.625,55.625,55.625,64.375,64.375,64.375,64.375,64.375
Turkiye,TUR,Women Business and the Law Index Score (scale 1-100),SG.LAW.INDX,,,,,,,,,,,45.625,45.625,45.625,45.625,45.625,45.625,45.625,45.625,45.625,45.625,45.625,45.625,45.625,45.625,45.625,45.625,45.625,45.625,45.625,45.625,45.625,48.75,48.75,48.75,48.75,48.75,48.75,48.75,48.75,48.75,48.75,48.75,56.875,68.75,71.25,77.5,80,80,80,80,80,80,80,80,80,82.5,82.5,82.5,82.5,82.5,82.5,82.5,82.5
Tuvalu,TUV,Women Business and the Law Index Score (scale 1-100),SG.LAW.INDX,,,,,,,,,,,,,,,,,,,,,,,,,,,,,,,,,,,,,,,,,,,,,,,,,,,,,,,,,,,,,,,
Tanzania,TZA,Women Business and the Law Index Score (scale 1-100),SG.LAW.INDX,,,,,,,,,,,58.75,58.75,58.75,58.75,58.75,58.75,58.75,58.75,58.75,58.75,58.75,58.75,58.75,58.75,61.25,61.25,61.25,61.25,61.25,61.25,61.25,61.25,61.25,61.25,61.25,61.25,61.25,61.25,67.5,67.5,67.5,67.5,67.5,67.5,70,81.25,81.25,81.25,81.25,81.25,81.25,81.25,81.25,81.25,81.25,81.25,81.25,81.25,81.25,81.25,81.25,81.25,81.25
Uganda,UGA,Women Business and the Law Index Score (scale 1-100),SG.LAW.INDX,,,,,,,,,,,46.875,46.875,46.875,46.875,46.875,46.875,46.875,46.875,46.875,46.875,46.875,46.875,46.875,46.875,46.875,46.875,46.875,46.875,46.875,46.875,46.875,46.875,46.875,46.875,46.875,46.875,46.875,46.875,46.875,46.875,46.875,46.875,46.875,46.875,46.875,46.875,62.5,67.5,67.5,67.5,70,70,70,70,70,70,70,70,70,73.125,73.125,73.125,81.25
Ukraine,UKR,Women Business and the Law Index Score (scale 1-100),SG.LAW.INDX,,,,,,,,,,,55.625,55,55,55,55,55,55,55,55,55,55,55,55,55,55,55,55,55,55,55,55,58.125,64.375,64.375,66.875,66.875,66.875,66.875,66.875,66.875,66.875,66.875,66.875,66.875,66.875,66.875,73.125,73.125,73.125,75.625,75.625,75.625,75.625,78.75,76.25,76.25,76.25,76.25,79.375,79.375,79.375,85,85
Upper middle income,UMC,Women Business and the Law Index Score (scale 1-100),SG.LAW.INDX,,,,,,,,,,,47.5875,47.925,48.275,48.7125,49,49.325,49.625,49.75,49.8,50.2125,50.525,51.4625,51.4625,51.7125,52.1125,52.5875,52.7,52.7625,53.4,53.7875,54.525,54.9375,55.6625,56.625,57.375,58.125,59.4625,60.275,60.9625,62.0625,63.175,63.5625,64.85,65.9375,66.8125,68,68.9625,69.425,70.6125,71.4625,72.2125,72.6,73.1625,73.6125,74.025,74.2375,74.8375,75.25,75.3625,76.0625,76.7875,77.5,78.225
Uruguay,URY,Women Business and the Law Index Score (scale 1-100),SG.LAW.INDX,,,,,,,,,,,60,60,60,60,60,60,60,60,60,60,60,62.5,62.5,62.5,62.5,62.5,62.5,62.5,62.5,62.5,65.625,65.625,65.625,65.625,65.625,65.625,68.125,68.125,68.125,68.125,68.125,68.125,68.125,71.25,71.25,71.25,71.25,71.25,71.25,76.875,83.125,83.125,83.125,83.125,85.625,85.625,85.625,85.625,88.75,88.75,88.75,88.75,88.75
United States,USA,Women Business and the Law Index Score (scale 1-100),SG.LAW.INDX,,,,,,,,,,,66.875,66.875,66.875,66.875,66.875,70,70,70,70,72.5,72.5,81.25,81.25,81.25,81.25,81.25,81.25,81.25,81.25,81.25,81.25,81.25,81.25,81.25,83.75,83.75,83.75,83.75,83.75,83.75,83.75,83.75,83.75,83.75,83.75,83.75,83.75,83.75,83.75,83.75,83.75,83.75,83.75,83.75,83.75,83.75,83.75,83.75,91.25,91.25,91.25,91.25,91.25
Uzbekistan,UZB,Women Business and the Law Index Score (scale 1-100),SG.LAW.INDX,,,,,,,,,,,53.125,53.125,55.625,55.625,55.625,55.625,55.625,55.625,55.625,55.625,55.625,55.625,55.625,55.625,55.625,55.625,55.625,55.625,52.5,52.5,52.5,52.5,52.5,52.5,55.625,55.625,67.5,67.5,67.5,67.5,67.5,67.5,67.5,67.5,67.5,67.5,67.5,67.5,67.5,67.5,67.5,64.375,64.375,64.375,64.375,64.375,64.375,64.375,64.375,67.5,70.625,70.625,70.625
St. Vincent and the Grenadines,VCT,Women Business and the Law Index Score (scale 1-100),SG.LAW.INDX,,,,,,,,,,,55,55,55,57.5,57.5,57.5,57.5,57.5,57.5,57.5,57.5,57.5,57.5,57.5,57.5,57.5,57.5,57.5,57.5,57.5,60,60,60,60,60,63.125,65.625,65.625,65.625,65.625,65.625,65.625,65.625,65.625,68.125,68.125,68.125,68.125,68.125,68.125,68.125,68.125,68.125,68.125,68.125,68.125,68.125,68.125,68.125,68.125,68.125,68.125,68.125
"Venezuela, RB",VEN,Women Business and the Law Index Score (scale 1-100),SG.LAW.INDX,,,,,,,,,,,49.375,49.375,49.375,49.375,49.375,49.375,49.375,49.375,49.375,49.375,49.375,49.375,49.375,60,60,60,60,60,60,60,60,65.625,65.625,65.625,65.625,65.625,65.625,65.625,68.125,70.625,70.625,70.625,70.625,70.625,70.625,70.625,73.75,80,82.5,82.5,82.5,82.5,82.5,82.5,85,85,85,85,85,85,85,85,85
British Virgin Islands,VGB,Women Business and the Law Index Score (scale 1-100),SG.LAW.INDX,,,,,,,,,,,,,,,,,,,,,,,,,,,,,,,,,,,,,,,,,,,,,,,,,,,,,,,,,,,,,,,
Virgin Islands (U.S.),VIR,Women Business and the Law Index Score (scale 1-100),SG.LAW.INDX,,,,,,,,,,,,,,,,,,,,,,,,,,,,,,,,,,,,,,,,,,,,,,,,,,,,,,,,,,,,,,,
Vietnam,VNM,Women Business and the Law Index Score (scale 1-100),SG.LAW.INDX,,,,,,,,,,,53.75,53.75,53.75,53.75,53.75,53.75,53.75,53.75,53.75,53.75,53.75,53.75,53.75,53.75,53.75,53.75,53.75,53.75,53.75,53.75,53.75,53.75,53.75,53.75,56.875,64.375,64.375,64.375,64.375,64.375,64.375,64.375,64.375,64.375,64.375,64.375,64.375,67.5,70,70,70,70,70,76.25,76.25,76.25,81.875,81.875,81.875,81.875,85,88.125,88.125
Vanuatu,VUT,Women Business and the Law Index Score (scale 1-100),SG.LAW.INDX,,,,,,,,,,,41.25,41.25,41.25,43.75,43.75,43.75,43.75,43.75,43.75,43.75,43.75,43.75,46.875,46.875,46.875,46.875,46.875,46.875,53.125,53.125,53.125,53.125,53.125,53.125,53.125,53.125,53.125,53.125,53.125,53.125,53.125,53.125,53.125,53.125,53.125,53.125,53.125,53.125,53.125,55.625,55.625,55.625,55.625,55.625,55.625,55.625,55.625,55.625,55.625,55.625,55.625,55.625,55.625
World,WLD,Women Business and the Law Index Score (scale 1-100),SG.LAW.INDX,,,,,,,,,,,45.76315789,45.91118421,46.34210526,47.24671053,47.70394737,48.09539474,48.47368421,48.94078947,49.50328947,49.78618421,50.09868421,50.61184211,50.92105263,51.40460526,51.70723684,52.05592105,52.41118421,52.57236842,53.19736842,53.45065789,54.17434211,54.54276316,55.08881579,55.67763158,56.42763158,57.14144737,58.00986842,58.70723684,59.27631579,59.97039474,60.78947368,61.15131579,62.18092105,63.05263158,64.0625,65.13157895,65.99342105,67.02631579,68.10855263,69.09210526,69.69407895,70.18421053,70.83223684,71.53618421,72.06578947,72.57894737,73.29276316,73.81578947,74.50986842,75.37828947,76.04934211,76.64473684,77.08881579
Samoa,WSM,Women Business and the Law Index Score (scale 1-100),SG.LAW.INDX,,,,,,,,,,,43.125,43.125,49.375,49.375,49.375,49.375,49.375,49.375,49.375,49.375,49.375,49.375,49.375,49.375,49.375,49.375,49.375,49.375,49.375,49.375,49.375,49.375,49.375,49.375,49.375,49.375,49.375,49.375,49.375,49.375,49.375,49.375,49.375,49.375,49.375,49.375,49.375,49.375,49.375,49.375,49.375,51.875,51.875,75,75,75,75,75,75,75,75,75,75
Kosovo,XKX,Women Business and the Law Index Score (scale 1-100),SG.LAW.INDX,,,,,,,,,,,67.5,67.5,67.5,67.5,67.5,67.5,67.5,67.5,67.5,67.5,67.5,67.5,67.5,67.5,67.5,67.5,67.5,67.5,67.5,67.5,67.5,67.5,67.5,67.5,67.5,67.5,67.5,70.625,70.625,70.625,70.625,70.625,78.125,80.625,83.75,86.875,86.875,86.875,86.875,86.875,86.875,91.875,91.875,91.875,91.875,91.875,91.875,91.875,91.875,91.875,91.875,91.875,91.875
"Yemen, Rep.",YEM,Women Business and the Law Index Score (scale 1-100),SG.LAW.INDX,,,,,,,,,,,23.75,23.75,23.75,23.75,23.75,23.75,23.75,23.75,23.75,23.75,23.75,23.75,23.75,23.75,23.75,23.75,23.75,23.75,23.75,23.75,23.75,23.75,23.75,23.75,23.75,23.75,23.75,23.75,23.75,23.75,23.75,23.75,23.75,23.75,23.75,23.75,23.75,23.75,26.875,26.875,26.875,26.875,26.875,26.875,26.875,26.875,26.875,26.875,26.875,26.875,26.875,26.875,26.875
South Africa,ZAF,Women Business and the Law Index Score (scale 1-100),SG.LAW.INDX,,,,,,,,,,,25.625,25.625,25.625,25.625,25.625,25.625,25.625,25.625,25.625,25.625,25.625,25.625,25.625,28.75,28.75,33.75,33.75,33.75,38.75,38.75,38.75,38.75,41.875,41.875,59.375,59.375,65,65,70,73.125,78.75,78.75,78.75,78.75,78.75,78.75,78.75,78.75,78.75,78.75,78.75,78.75,81.875,81.875,88.125,88.125,88.125,88.125,88.125,88.125,88.125,88.125,88.125
Zambia,ZMB,Women Business and the Law Index Score (scale 1-100),SG.LAW.INDX,,,,,,,,,,,46.875,46.875,46.875,46.875,46.875,46.875,46.875,46.875,46.875,46.875,46.875,46.875,46.875,49.375,49.375,49.375,49.375,49.375,49.375,54.375,54.375,57.5,57.5,60.625,60.625,60.625,60.625,60.625,60.625,60.625,60.625,60.625,60.625,60.625,60.625,60.625,60.625,60.625,60.625,60.625,60.625,60.625,63.125,63.125,63.125,63.125,78.75,78.75,78.75,81.25,81.25,81.25,81.25
Zimbabwe,ZWE,Women Business and the Law Index Score (scale 1-100),SG.LAW.INDX,,,,,,,,,,,36.875,36.875,36.875,36.875,36.875,36.875,36.875,36.875,36.875,36.875,36.875,36.875,36.875,52.5,52.5,52.5,52.5,52.5,55,55,55,55,57.5,57.5,66.875,66.875,66.875,66.875,66.875,70,70,70,75.625,75.625,75.625,75.625,84.375,86.875,86.875,86.875,86.875,86.875,86.875,86.875,86.875,86.875,86.875,86.875,86.875,86.875,86.875,86.875,86.875